species	long	lat
Lagopus muta	10.98896	46.93452
Lagopus muta	10.878324	47.155523
Lagopus muta	12.62	47.36
Lagopus muta	13.36915	46.92004
Lagopus muta	13.84092	47.20587
Lagopus muta	11.384043	47.312368
Lagopus muta	11.150651	47.006995
Lagopus muta	14.536627	47.052351
Lagopus muta	13.454006	47.2186
Lagopus muta	11.307057	47.42831
Lagopus muta	13.156168	47.243552
Lagopus muta	13.424532	47.132515
Lagopus muta	12.716941	47.02409
Lagopus muta	13.156168	47.243552
Lagopus muta	12.716941	47.02409
Lagopus muta	10.345626	47.238029
Lagopus muta	13.605812	47.830138
Lagopus muta	10.661352	47.141768
Lagopus muta	12.356598	47.059832
Lagopus muta	13.4784	47.62447
Lagopus muta	12.27	47.29
Lagopus muta	13.15	47.09
Lagopus muta	13.337762	47.172875
Lagopus muta	9.89078	46.96109
Lagopus muta	10.39833	47.17649
Lagopus muta	13.17319	47.10691
Lagopus muta	13.69994	47.51751
Lagopus muta	11.91527	47.12914
Lagopus muta	13.38639	47.16611
Lagopus muta	10.70982	46.87597
Lagopus muta	13.16803	47.10809
Lagopus muta	12.83556	47.13806
Lagopus muta	13.09677	47.11792
Lagopus muta	10.70833	46.87217
Lagopus muta	10.358251	47.186458
Lagopus muta	13.786073	47.206031
Lagopus muta	11.280642	47.133128
Lagopus muta	13.365196	47.199531
Lagopus muta	11.399777	47.416988
Lagopus muta	11.292856	47.417316
Lagopus muta	11.303149	47.430813
Lagopus muta	10.114306	46.909662
Lagopus muta	11.399777	47.416988
Lagopus muta	13.75393	47.270385
Lagopus muta	13.719566	47.275391
Lagopus muta	13.026085	47.080108
Lagopus muta	10.963483	47.423756
Lagopus muta	12.87181	47.44064
Lagopus muta	13.09663	47.11999
Lagopus muta	15.807824	47.77494
Lagopus muta	11.92435	47.3551
Lagopus muta	13.279879	47.249389
Lagopus muta	13.456427	47.21809
Lagopus muta	13.277532	47.544459
Lagopus muta	11.038611	46.871154
Lagopus muta	13.461085	47.224186
Lagopus muta	11.92435	47.3551
Lagopus muta	10.401657	47.170353
Lagopus muta	13.54754	47.10306
Lagopus muta	13.84092	47.20587
Lagopus muta	13.72784	47.20524
Lagopus muta	10.32592	47.17331
Lagopus muta	10.17219	46.8619
Lagopus muta	12.138863	47.120628
Lagopus muta	12.33793	46.87573
Lagopus muta	10.36595	47.21074
Lagopus muta	12.4325	47.04162
Lagopus muta	14.28675	47.2944
Lagopus muta	13.30542	47.17977
Lagopus muta	10.32981	47.17358
Lagopus muta	14.1979	47.3931
Lagopus muta	13.09985	47.0504
Lagopus muta	13.33722	47.173245
Lagopus muta	11.27566	47.13703
Lagopus muta	12.716643	47.029927
Lagopus muta	12.843561	47.13446
Lagopus muta	13.37631	47.20973
Lagopus muta	13.304336	47.189153
Lagopus muta	11.126661	47.009053
Lagopus muta	13.068604	47.057232
Lagopus muta	13.778398	47.024552
Lagopus muta	12.88	47.46
Lagopus muta	13.285782	47.503007
Lagopus muta	11.126661	47.009053
Lagopus muta	11.754027	47.231471
Lagopus muta	10.371795	47.216267
Lagopus muta	14.00259	47.5943
Lagopus muta	13.10512	47.07228
Lagopus muta	12.77915	47.08186
Lagopus muta	12.716062	47.030869
Lagopus muta	13.77008	46.87457
Lagopus muta	13.06922	47.05658
Lagopus muta	12.77469	47.0815
Lagopus muta	13.803395	47.007888
Lagopus muta	13.766664	46.873742
Lagopus muta	12.85532	47.06475
Lagopus muta	12.43737	46.69228
Lagopus muta	11.5309	47.21646
Lagopus muta	12.72488	47.01918
Lagopus muta	10.82029	46.83855
Lagopus muta	12.43737	46.69228
Lagopus muta	10.98896	46.93452
Lagopus muta	11.29606	47.42793
Lagopus muta	10.36572	47.19397
Lagopus muta	13.39319	47.16256
Lagopus muta	13.79851	47.00817
Lagopus muta	12.72815	47.16687
Lagopus muta	11.283813	47.149853
Lagopus muta	13.75757	46.86555
Lagopus muta	13.64351	47.04295
Lagopus muta	13.57291	47.2689
Lagopus muta	10.17514	47.19866
Lagopus muta	12.8066	47.10194
Lagopus muta	10.623592	47.086917
Lagopus muta	12.79146	47.08421
Lagopus muta	12.81734	47.12984
Lagopus muta	13.05806	47.14391
Lagopus muta	10.271608	47.108197
Lagopus muta	13.06	47.56
Lagopus muta	13.291077	47.050101
Lagopus muta	9.90188	46.9471
Lagopus muta	9.64482	47.08732
Lagopus muta	10.29567	46.93795
Lagopus muta	12.470905	47.104683
Lagopus muta	9.834753	47.03415
Lagopus muta	10.571949	47.065346
Lagopus muta	12.691077	47.16192
Lagopus muta	12.724885	47.019176
Lagopus muta	14.63	47.56
Lagopus muta	14.67	47.57
Lagopus muta	14.66	47.55
Lagopus muta	14.7	47.62
Lagopus muta	14.6	47.61
Lagopus muta	14.53	47.55
Lagopus muta	14.52	47.55
Lagopus muta	14.65	47.56
Lagopus muta	14.67	47.55
Lagopus muta	14.68	47.62
Lagopus muta	14.68	47.62
Lagopus muta	12.826379	47.11849
Lagopus muta	10.167575	47.201603
Lagopus muta	11.383662	47.31202
Lagopus muta	13.760834	46.94282
Lagopus muta	12.503767	46.791775
Lagopus muta	11.383662	47.31202
Lagopus muta	11.221699	47.026157
Lagopus muta	11.177464	47.09041
Lagopus muta	13.788737	47.71912
Lagopus muta	12.838994	47.08567
Lagopus muta	10.655854	47.28743
Lagopus muta	10.681966	47.16479
Lagopus muta	13.280273	46.99436
Lagopus muta	12.831219	47.094723
Lagopus muta	11.083781	47.20728
Lagopus muta	9.755132	47.05997
Lagopus muta	11.383662	47.31202
Lagopus muta	11.298929	47.428833
Lagopus muta	14.533553	47.359844
Lagopus muta	11.088055	47.36698
Lagopus muta	14.05783	47.280792
Lagopus muta	11.308269	47.17269
Lagopus muta	11.220412	47.024475
Lagopus muta	11.383662	47.31202
Lagopus muta	11.391416	47.130226
Lagopus muta	13.060022	47.056522
Lagopus muta	10.512	47.17
Lagopus muta	13.691669	47.523705
Lagopus muta	11.383662	47.31202
Lagopus muta	14.225163	47.417137
Lagopus muta	13.691669	47.523705
Lagopus muta	14.527459	47.3907
Lagopus muta	10.169979	47.20131
Lagopus muta	11.197959	47.05492
Lagopus muta	9.719228	47.049625
Lagopus muta	13.691669	47.523705
Lagopus muta	10.352912	47.3067
Lagopus muta	11.140353	46.99714
Lagopus muta	12.503767	46.791775
Lagopus muta	10.530074	47.03531
Lagopus muta	12.720673	47.047115
Lagopus muta	11.81822	47.22536
Lagopus muta	12.844454	47.08537
Lagopus muta	12.831219	47.094723
Lagopus muta	10.064775	47.229614
Lagopus muta	10.16641	47.201984
Lagopus muta	10.530074	47.03531
Lagopus muta	11.026748	47.22372
Lagopus muta	11.302336	47.196625
Lagopus muta	10.933179	47.207253
Lagopus muta	11.453962	47.076157
Lagopus muta	12.831219	47.094723
Lagopus muta	14.227716	47.6148
Lagopus muta	11.39787	47.315334
Lagopus muta	14.613493	47.38746
Lagopus muta	12.503767	46.791775
Lagopus muta	11.087086	47.207783
Lagopus muta	12.503767	46.791775
Lagopus muta	11.408049	47.122883
Lagopus muta	12.836911	47.097538
Lagopus muta	13.691669	47.523705
Lagopus muta	13.691669	47.523705
Lagopus muta	14.192373	47.310417
Lagopus muta	12.337764	46.877552
Lagopus muta	11.302336	47.196625
Lagopus muta	11.037092	47.207783
Lagopus muta	11.453962	47.076157
Lagopus muta	12.503767	46.791775
Lagopus muta	11.716729	47.215843
Lagopus muta	11.637785	47.47313
Lagopus muta	11.721278	47.242023
Lagopus muta	14.963839	47.594555
Lagopus muta	14.490865	47.639114
Lagopus muta	11.021022	46.88799
Lagopus muta	11.280077	47.385235
Lagopus muta	11.23759	47.332817
Lagopus muta	13.691669	47.523705
Lagopus muta	14.509737	47.39002
Lagopus muta	13.117657	47.00288
Lagopus muta	10.094934	46.919495
Lagopus muta	11.179887	47.097263
Lagopus muta	11.023798	47.213707
Lagopus muta	12.695904	47.161915
Lagopus muta	14.836216	47.03406
Lagopus muta	10.128697	46.977516
Lagopus muta	14.226419	47.351963
Lagopus muta	11.398874	47.28663
Lagopus muta	12.831219	47.094723
Lagopus muta	10.058156	46.90225
Lagopus muta	10.16641	47.201984
Lagopus muta	11.383662	47.31202
Lagopus muta	9.927006	47.33045
Lagopus muta	12.416479	47.28144
Lagopus muta	13.290919	47.049706
Lagopus muta	10.096404	46.924374
Lagopus muta	9.929022	47.202072
Lagopus muta	14.169907	47.567837
Lagopus muta	11.346348	47.000843
Lagopus muta	11.288945	47.405403
Lagopus muta	9.777667	47.307102
Lagopus muta	12.83813	47.08714
Lagopus muta	11.306657	47.299
Lagopus muta	9.974701	47.06202
Lagopus muta	14.165031	47.29363
Lagopus muta	11.508196	47.159264
Lagopus muta	12.409579	47.137394
Lagopus muta	13.539929	47.256718
Lagopus muta	10.00912	47.189922
Lagopus muta	11.098149	47.109318
Lagopus muta	10.158966	47.256065
Lagopus muta	12.503767	46.791775
Lagopus muta	15.142172	47.61987
Lagopus muta	11.642072	47.169785
Lagopus muta	13.157888	46.775204
Lagopus muta	12.442878	46.689568
Lagopus muta	13.691669	47.523705
Lagopus muta	9.927006	47.33045
Lagopus muta	11.298929	47.428833
Lagopus muta	11.408049	47.122883
Lagopus muta	12.83813	47.08714
Lagopus muta	9.765017	47.072517
Lagopus muta	11.23759	47.332817
Lagopus muta	12.608155	46.817444
Lagopus muta	10.128697	46.977516
Lagopus muta	11.298929	47.428833
Lagopus muta	10.029674	47.213627
Lagopus muta	11.379976	47.306416
Lagopus muta	12.83813	47.08714
Lagopus muta	12.791185	46.870605
Lagopus muta	10.339749	46.98017
Lagopus muta	11.927931	47.37215
Lagopus muta	11.133202	47.394287
Lagopus muta	10.990634	47.236515
Lagopus muta	12.837644	47.08878
Lagopus muta	12.632145	47.357624
Lagopus muta	13.790792	47.717396
Lagopus muta	10.593396	47.060562
Lagopus muta	11.383662	47.31202
Lagopus muta	12.48688	47.37447
Lagopus muta	10.128654	47.284798
Lagopus muta	10.668222	47.149677
Lagopus muta	12.576333	47.04932
Lagopus muta	10.714768	47.04963
Lagopus muta	12.503767	46.791775
Lagopus muta	12.838994	47.08567
Lagopus muta	12.503767	46.791775
Lagopus muta	12.424704	47.16519
Lagopus muta	11.027562	47.230183
Lagopus muta	12.503767	46.791775
Lagopus muta	12.805893	47.618355
Lagopus muta	12.83813	47.08714
Lagopus muta	11.298929	47.428833
Lagopus muta	12.805893	47.618355
Lagopus muta	11.424775	47.321037
Lagopus muta	13.582874	47.49242
Lagopus muta	10.094934	46.919495
Lagopus muta	9.755132	47.05997
Lagopus muta	11.383662	47.31202
Lagopus muta	9.985023	47.066463
Lagopus muta	12.503767	46.791775
Lagopus muta	14.263677	47.661114
Lagopus muta	13.582874	47.49242
Lagopus muta	11.383662	47.31202
Lagopus muta	11.140353	46.99714
Lagopus muta	10.591344	47.074997
Lagopus muta	14.846006	47.05889
Lagopus muta	12.831219	47.094723
Lagopus muta	12.831219	47.094723
Lagopus muta	13.600552	47.34576
Lagopus muta	10.096404	46.924374
Lagopus muta	11.409678	47.03401
Lagopus muta	13.629693	47.510162
Lagopus muta	11.701995	47.075
Lagopus muta	13.691669	47.523705
Lagopus muta	10.600847	47.086494
Lagopus muta	12.838994	47.08567
Lagopus muta	11.477163	47.35457
Lagopus muta	15.419488	47.658358
Lagopus muta	14.338505	47.268822
Lagopus muta	13.13998	46.724882
Lagopus muta	11.235696	47.318868
Lagopus muta	11.351578	47.079575
Lagopus muta	11.360404	47.078723
Lagopus muta	12.512903	47.075096
Lagopus muta	15.495914	47.792763
Lagopus muta	13.764034	46.947764
Lagopus muta	10.344508	47.303122
Lagopus muta	10.658574	47.144384
Lagopus muta	15.436917	47.64994
Lagopus muta	10.02961	47.22882
Lagopus muta	11.360425	47.078761
Lagopus muta	14.670571	47.549946
Lagopus muta	11.605439	47.03373
Lagopus muta	14.550414	47.332355
Lagopus muta	12.473249	46.686978
Lagopus muta	14.522216	47.553363
Lagopus muta	11.029559	47.196472
Lagopus muta	13.79868	47.284205
Lagopus muta	10.701309	46.890032
Lagopus muta	10.606756	47.256535
Lagopus muta	12.352772	47.051324
Lagopus muta	12.713025	47.026414
Lagopus muta	15.808491	47.785233
Lagopus muta	14.206584	47.410805
Lagopus muta	14.03383	47.620405
Lagopus muta	14.01813	47.190546
Lagopus muta	11.26837	47.151874
Lagopus muta	14.825778	47.059677
Lagopus muta	13.07053	47.426321
Lagopus muta	15.691179	47.688746
Lagopus muta	10.181524	47.198036
Lagopus muta	10.97664	46.813326
Lagopus muta	13.150278	46.686944
Lagopus muta	11.041905	46.828932
Lagopus muta	11.237788	47.332767
Lagopus muta	11.791498	47.45664
Lagopus muta	14.551676	47.089198
Lagopus muta	11.127543	47.405082
Lagopus muta	10.471013	47.489525
Lagopus muta	12.503972	46.80042
Lagopus muta	9.881996	46.951931
Lagopus muta	12.388383	46.941317
Lagopus muta	11.193212	47.428917
Lagopus muta	14.810604	47.348776
Lagopus muta	10.00857	46.91783
Lagopus muta	14.0148	47.520758
Lagopus muta	11.994348	47.327247
Lagopus muta	12.400722	47.086687
Lagopus muta	13.633677	46.82833
Lagopus muta	11.368411	46.989983
Lagopus muta	12.626246	47.357356
Lagopus muta	13.70793	46.942544
Lagopus muta	10.179042	47.193108
Lagopus muta	10.575969	47.245955
Lagopus muta	14.551676	47.089198
Lagopus muta	13.952222	46.506943
Lagopus muta	13.63773	46.825497
Lagopus muta	11.410992	47.105474
Lagopus muta	11.055799	47.251506
Lagopus muta	11.386347	47.312908
Lagopus muta	10.606814	47.256654
Lagopus muta	13.078682	46.695399
Lagopus muta	12.616337	47.327812
Lagopus muta	12.95	47.233333
Lagopus muta	14.188902	47.391927
Lagopus muta	12.935468	47.211315
Lagopus muta	14.014499	47.603922
Lagopus muta	15.029617	47.604747
Lagopus muta	11.520913	47.193905
Lagopus muta	10.794022	46.899348
Lagopus muta	11.514733	47.345172
Lagopus muta	13.770485	47.406467
Lagopus muta	9.723797	47.051586
Lagopus muta	11.032949	46.846838
Lagopus muta	10.172188	46.8619
Lagopus muta	11.015578	46.886286
Lagopus muta	14.884967	47.083592
Lagopus muta	11.294692	47.427702
Lagopus muta	11.315284	47.296105
Lagopus muta	10.493177	47.268279
Lagopus muta	11.33508	47.284055
Lagopus muta	14.639412	47.376922
Lagopus muta	11.195649	47.104892
Lagopus muta	10.105441	47.230832
Lagopus muta	13.067796	46.696155
Lagopus muta	14.55199	47.08836
Lagopus muta	11.235985	47.319158
Lagopus muta	10.657713	47.137497
Lagopus muta	14.057816	47.042393
Lagopus muta	13.484912	47.117905
Lagopus muta	15.497107	47.793021
Lagopus muta	11.913194	47.128472
Lagopus muta	11.387989	47.31243
Lagopus muta	15.60092	47.698946
Lagopus muta	13.815817	46.866643
Lagopus muta	11.084922	47.347378
Lagopus muta	13.692948	47.525407
Lagopus muta	13.1562	46.774013
Lagopus muta	15.808638	47.77148
Lagopus muta	11.404932	47.3271
Lagopus muta	9.724106	47.051575
Lagopus muta	11.386798	47.313059
Lagopus muta	10.901711	46.82077
Lagopus muta	13.078753	46.700922
Lagopus muta	11.283903	47.319508
Lagopus muta	13.102313	47.057525
Lagopus muta	11.324736	47.192074
Lagopus muta	13.769832	46.876112
Lagopus muta	11.461261	47.211011
Lagopus muta	11.268816	47.151022
Lagopus muta	13.049921	47.584325
Lagopus muta	11.408475	47.103458
Lagopus muta	12.632029	47.363403
Lagopus muta	14.553753	47.087087
Lagopus muta	12.77625	46.886117
Lagopus muta	10.166451	47.348767
Lagopus muta	14.33	47.78
Lagopus muta	14.32	47.78
Lagopus muta	14.31	47.78
Lagopus muta	14.31	47.78
Lagopus muta	14.31	47.78
Lagopus muta	14.31	47.78
Lagopus muta	14.31	47.78
Lagopus muta	14.31	47.78
Lagopus muta	14.31	47.78
Lagopus muta	14.32	47.79
Lagopus muta	14.32	47.78
Lagopus muta	14.3	47.77
Lagopus muta	14.32	47.78
Lagopus muta	10.512759	47.037392
Lagopus muta	9.91328	47.330551
Lagopus muta	11.754945	47.242722
Lagopus muta	13.829544	46.778114
Lagopus muta	10.134123	47.286655
Lagopus muta	13.626995	46.816097
Lagopus muta	10.873719	47.524143
Lagopus muta	12.429091	46.813339
Lagopus muta	10.481337	47.056435
Lagopus muta	9.966687	46.978177
Lagopus muta	12.774692	47.081505
Lagopus muta	13.376314	47.209728
Lagopus muta	13.840918	47.205872
Lagopus muta	10.128947	47.254303
Lagopus muta	10.709821	46.875972
Lagopus muta	13.277532	47.544459
Lagopus muta	10.166215	47.20092
Lagopus muta	10.398331	47.176487
Lagopus muta	10.175142	47.198655
Lagopus muta	10.358251	47.186458
Lagopus muta	13.75393	47.270385
Lagopus muta	13.304336	47.189153
Lagopus muta	10.345626	47.238029
Lagopus muta	10.271608	47.108197
Lagopus muta	10.167263	47.203747
Lagopus muta	15.807824	47.77494
Lagopus muta	12.337929	46.875732
Lagopus muta	10.508058	47.036534
Lagopus muta	12.779146	47.081863
Lagopus muta	10.638759	47.321747
Lagopus muta	10.988957	46.934517
Lagopus muta	12.85532	47.064751
Lagopus muta	10.365947	47.210735
Lagopus muta	10.329813	47.173584
Lagopus muta	9.890779	46.96109
Lagopus muta	10.146553	47.113297
Lagopus muta	13.73291	47.209167
Lagopus muta	11.364848	47.121777
Lagopus muta	11.915265	47.129142
Lagopus muta	11.275656	47.137028
Lagopus muta	12.83848	47.087486
Lagopus muta	13.069219	47.05658
Lagopus muta	13.365196	47.199531
Lagopus muta	10.401657	47.170353
Lagopus muta	10.508058	47.036534
Lagopus muta	12.728152	47.166872
Lagopus muta	9.981794	47.059497
Lagopus muta	10.904219	46.863693
Lagopus muta	13.05	47.56
Lagopus muta	13.840922	47.205868
Lagopus muta	13.168027	47.108086
Lagopus muta	9.696006	47.077949
Lagopus muta	10.508058	47.036534
Lagopus muta	11.303149	47.430813
Lagopus muta	9.725706	47.050663
Lagopus muta	10.167263	47.203747
Lagopus muta	9.969612	46.979716
Lagopus muta	13.456427	47.21809
Lagopus muta	10.623592	47.086917
Lagopus muta	10.371795	47.216267
Lagopus muta	13.105116	47.072281
Lagopus muta	10.016089	47.193465
Lagopus muta	11.384043	47.312368
Lagopus muta	10.211461	47.31495
Lagopus muta	11.5309	47.216461
Lagopus muta	13.099851	47.0504
Lagopus muta	13.424532	47.132515
Lagopus muta	10.102372	47.231363
Lagopus muta	12.437366	46.69228
Lagopus muta	13.628946	47.475763
Lagopus muta	11.038611	46.871154
Lagopus muta	10.126705	47.284028
Lagopus muta	12.356598	47.059832
Lagopus muta	11.754027	47.231471
Lagopus muta	11.292856	47.417316
Lagopus muta	13.30542	47.179768
Lagopus muta	10.878324	47.155523
Lagopus muta	11.283813	47.149853
Lagopus muta	13.732873	47.209187
Lagopus muta	10.129028	47.254398
Lagopus muta	13.699936	47.517515
Lagopus muta	10.114306	46.909662
Lagopus muta	13.572913	47.268903
Lagopus muta	9.727245	47.050174
Lagopus muta	14.286747	47.294395
Lagopus muta	13.75757	46.865545
Lagopus muta	12.716062	47.030869
Lagopus muta	10.365721	47.193966
Lagopus muta	10.820291	46.838551
Lagopus muta	11.150651	47.006995
Lagopus muta	13.643507	47.042946
Lagopus muta	10.166215	47.20092
Lagopus muta	13.156168	47.243552
Lagopus muta	13.605812	47.830138
Lagopus muta	11.126661	47.009053
Lagopus muta	13.096767	47.11792
Lagopus muta	10.963483	47.423756
Lagopus muta	11.166886	46.980676
Lagopus muta	11.235452	47.325065
Lagopus muta	13.72784	47.20524
Lagopus muta	9.977902	47.062634
Lagopus muta	12.806596	47.101936
Lagopus muta	13.461085	47.224186
Lagopus muta	12.140425	47.12122
Lagopus muta	11.680942	47.075847
Lagopus muta	9.87905	46.975143
Lagopus muta	9.740648	47.051238
Lagopus muta	11.280642	47.133128
Lagopus muta	11.307057	47.42831
Lagopus muta	11.924348	47.355104
Lagopus muta	13.751535	47.272137
Lagopus muta	13.38639	47.166108
Lagopus muta	10.819607	46.838027
Lagopus muta	13.393188	47.16256
Lagopus muta	9.696175	47.077457
Lagopus muta	12.716941	47.02409
Lagopus muta	10.172188	46.8619
Lagopus muta	13.387631	47.161322
Lagopus muta	13.33722	47.173245
Lagopus muta	12.791458	47.084206
Lagopus muta	13.279879	47.249389
Lagopus muta	10.508058	47.036534
Lagopus muta	14.00259	47.5943
Lagopus muta	12.685863	47.05228
Lagopus muta	11.296059	47.427925
Lagopus muta	11.399777	47.416988
Lagopus muta	11.489091	47.21571
Lagopus muta	12.716643	47.029927
Lagopus muta	13.173188	47.106906
Lagopus muta	9.728481	47.05236
Lagopus muta	10.238628	47.056089
Lagopus muta	10.661352	47.141768
Lagopus muta	10.030019	47.271758
Lagopus muta	10.325915	47.173313
Lagopus muta	12.432495	47.041618
Lagopus muta	12.620944	47.353297
Lagopus muta	9.9077	46.925
Lagopus muta	13.0734	47.4281
Lagopus muta	9.7185	47.0806
