system:index,NDVI,aspect,b1,b10,b11,b12,b13,b14,b15,b16,b17,b18,b19,b2,b3,b4,b5,b6,b7,b8,b9,CHM,eastness,elevation,GHMI,landcover,month,NARI,NCRI,northness,random,slope,snow_cover,snow_depth,species,SWE,year,.geo
0_0_0,0.76581319,275,0.15866089,9.040924,-9.195984,1698.812,259.46796,46.659058,46.659058,652.6178,229.53783,608.5617,272.02853,0.15866089,0.15866089,0.15866089,15.736237,-4.243805,-4.243805,8.140686,-6.6594543,6,-0.996194698,1973,0.16601431,312,1,0.12601072,0.36506456,0.087155743,0.587418493,9,52.99107156,0.387672101,Lagopus muta,0.113203207,2025,"{""geodesic"":false,""type"":""Point"",""coordinates"":[11.487499999999997,47.21249999999999]}"
1_0_0,0.17496404,81,-2.7850342,6.289276,-12.233093,1515.7632,211.09985,46.717545,46.717545,555.88245,206.45192,575.15955,239.61215,-2.7850342,-2.7850342,-2.7850342,13.053497,-6.825531,-6.825531,7.431305,-11.341248,0,0.987688341,2460,0.020953728,333,1,0.03282661,0.028110623,0.156434465,0.329315145,16,60.33192237,0.597305625,Lagopus muta,0.177413799,2025,"{""geodesic"":false,""type"":""Point"",""coordinates"":[13.104166666666664,47.05416666666666]}"
2_0_0,0.618774931,135,-0.76797485,8.481537,-10.465424,1361.9875,216.52937,35.16137,35.16137,523.2439,175.31587,484.59738,219.27902,-0.76797485,-0.76797485,-0.76797485,15.072632,-5.123749,-5.123749,7.2278748,-7.7036133,0,0.707106781,2465,0.105519235,321,2,0.26926565,0.33499584,-0.707106781,0.202600344,25,66.77048087,0.766735267,Lagopus muta,0.215635752,2025,"{""geodesic"":false,""type"":""Point"",""coordinates"":[10.904166666666663,46.86249999999999]}"
3_0_0,0.69850755,254,0.3373413,9.383392,-9.037903,1488.2644,217.11304,43.854546,43.854546,548.8632,203.9293,524.55853,246.57013,0.3373413,0.3373413,0.3373413,15.914612,-3.5456848,-3.5456848,8.789825,-7.3046875,1,-0.961261696,1967,0.022072166,321,2,0.28072837,0.27262282,-0.275637356,0.448825036,22,60.33192237,0.597305625,Lagopus muta,0.177413799,2025,"{""geodesic"":false,""type"":""Point"",""coordinates"":[13.070833333333331,47.05416666666666]}"
4_0_0,0.609946951,161,-1.8482056,7.244934,-11.438782,1612.6392,245.35103,43.172146,43.172146,606.17334,223.40431,561.1338,284.451,-1.8482056,-1.8482056,-1.8482056,14.005859,-6.474182,-6.474182,6.304413,-7.9346924,0,0.325568154,2200,0.034604024,333,3,0.10717491,0.11949944,-0.945518576,0.19123349,16,61.86609672,0.665840953,Lagopus muta,0.203406734,2025,"{""geodesic"":false,""type"":""Point"",""coordinates"":[10.662499999999996,47.14583333333332]}"
7_0_0,0.609946951,161,-1.8482056,7.244934,-11.438782,1612.6392,245.35103,43.172146,43.172146,606.17334,223.40431,561.1338,284.451,-1.8482056,-1.8482056,-1.8482056,14.005859,-6.474182,-6.474182,6.304413,-7.9346924,0,0.325568154,2200,0.034604024,333,5,0.10717491,0.11949944,-0.945518576,0.348542755,16,61.86609672,0.665840953,Lagopus muta,0.203406734,2025,"{""geodesic"":false,""type"":""Point"",""coordinates"":[10.662499999999996,47.14583333333332]}"
8_0_0,0.538190868,353,2.1413574,10.626221,-6.8874207,1710.074,260.9551,49.292313,49.292313,654.0523,227.94402,625.9433,281.16425,2.1413574,2.1413574,2.1413574,16.580475,-1.5954895,-1.5954895,10.10849,-5.0289,0,-0.121869343,1419,0.021929473,312,5,0.23566,0.3796635,0.992546152,0.777485454,19,33.5653355,0.112501737,Lagopus muta,0.026712332,2025,"{""geodesic"":false,""type"":""Point"",""coordinates"":[15.420833333333334,47.66249999999999]}"
9_0_0,0.720272039,331,2.4066162,11.235718,-6.98114,1895.9333,291.8511,51.341457,51.341457,688.91864,269.67993,616.2399,364.06027,2.4066162,2.4066162,2.4066162,17.51297,-1.8811646,-1.8811646,8.652985,-3.002777,1,-0.48480962,1675,0.18629873,312,5,0.28878647,0.4295286,0.874619707,0.233051864,21,47.53461475,0.307204943,Lagopus muta,0.089621898,2025,"{""geodesic"":false,""type"":""Point"",""coordinates"":[9.912499999999994,47.32916666666666]}"
10_0_0,0.282696497,106,-1.5927734,7.541626,-11.568451,1841.0497,277.18665,52.79975,52.79975,653.393,267.79175,607.9262,351.9616,-1.5927734,-1.5927734,-1.5927734,14.240723,-6.461334,-6.461334,6.0440674,-7.4792786,0,0.961261696,2238,0.048405662,332,5,0.1592345,0.13996316,-0.275637356,0.281162156,17,51.49142257,0.439162004,Lagopus muta,0.132781828,2025,"{""geodesic"":false,""type"":""Point"",""coordinates"":[9.737499999999995,47.05416666666666]}"
11_0_0,0.284908225,359,0.15463257,9.367523,-9.9748535,1585.6106,241.38387,39.456238,39.456238,579.165,185.68713,551.9418,228.65326,0.15463257,0.15463257,0.15463257,16.007324,-4.3609924,-4.3609924,7.1411743,-9.240295,1,-0.017452406,1889,0.0584072,322,5,0.15410958,0.24116741,0.999847695,0.514394226,14,44.40824031,0.219055482,Lagopus muta,0.061240563,2025,"{""geodesic"":false,""type"":""Point"",""coordinates"":[13.079166666666666,46.70416666666666]}"
12_0_0,0.683818262,324,3.1554565,12.061188,-6.262848,1924.471,290.25488,53.348618,53.348618,700.6048,271.5378,645.4635,355.07617,3.1554565,3.1554565,3.1554565,18.469513,-0.9942627,-0.9942627,10.674622,-3.0388489,2,-0.587785252,1534,0.091764115,312,5,0.080455765,0.28218266,0.809016994,0.549959411,13,31.08280631,0.120137672,Lagopus muta,0.029900571,2025,"{""geodesic"":false,""type"":""Point"",""coordinates"":[13.604166666666664,47.82916666666666]}"
16_0_0,0.434631504,221,2.3691406,11.276581,-7.0731506,1921.6952,288.8497,53.239433,53.239433,716.83936,263.96704,669.438,330.04578,2.3691406,2.3691406,2.3691406,17.915436,-2.0272217,-2.0272217,10.329987,-5.648041,1,-0.656059029,1823,0.039046083,333,6,0.1479029,0.23645458,-0.75470958,0.381274504,1,31.60666329,0.105234406,Lagopus muta,0.025407854,2025,"{""geodesic"":false,""type"":""Point"",""coordinates"":[14.3125,47.779166666666654]}"
21_0_0,0.710246612,228,2.5028076,11.496643,-6.839203,1383.5376,201.1973,41.488865,41.488865,498.4542,198.94069,464.22116,243.0792,2.5028076,2.5028076,2.5028076,18.196869,-1.4934998,-1.4934998,9.966736,-4.642456,4,-0.743144825,1932,0.089511275,321,6,0.26424438,0.25257316,-0.669130606,0.178679166,24,60.15846163,0.594595475,Lagopus muta,0.173288069,2025,"{""geodesic"":false,""type"":""Point"",""coordinates"":[13.420833333333333,47.129166666666656]}"
22_0_0,0.46341832,332,-0.6732788,8.343811,-10.130951,1530.3363,230.29897,42.22359,42.22359,564.685,219.54095,521.0241,282.6973,-0.6732788,-0.6732788,-0.6732788,15.084259,-5.16745,-5.16745,7.1388855,-6.391266,2,-0.469471563,2074,0.09493536,321,6,0.20273833,0.23917384,0.882947593,0.544189885,13,62.17005558,0.713011304,Lagopus muta,0.220774615,2025,"{""geodesic"":false,""type"":""Point"",""coordinates"":[10.620833333333328,47.08749999999999]}"
23_0_0,0.326309481,215,-0.21954346,8.750122,-9.764954,1927.4003,293.8135,52.27081,52.27081,697.37103,273.11948,628.88367,367.69348,-0.21954346,-0.21954346,-0.21954346,15.291931,-4.724945,-4.724945,6.9075317,-5.7134705,0,-0.573576436,2134,0.07878212,333,6,0.13451858,0.08986165,-0.819152044,0.692725298,12,56.34069885,0.594021026,Lagopus muta,0.186311528,2025,"{""geodesic"":false,""type"":""Point"",""coordinates"":[10.012499999999996,47.195833333333326]}"
24_0_0,0.321859514,329,1.4712219,10.387756,-7.912689,1707.2148,254.34264,48.79378,48.79378,644.0371,235.92792,601.87555,287.10162,1.4712219,1.4712219,1.4712219,17.184845,-2.8659668,-2.8659668,9.792908,-6.1043396,0,-0.515038075,1940,0.043811124,333,6,0.027326427,0.19636367,0.857167301,0.27726449,8,43.57184759,0.223920705,Lagopus muta,0.061008839,2025,"{""geodesic"":false,""type"":""Point"",""coordinates"":[14.520833333333332,47.55416666666665]}"
25_0_0,0.457991554,296,1.6396484,10.54837,-8.017548,1756.2831,276.9418,45.57966,45.57966,683.54193,231.01714,637.3041,284.15613,1.6396484,1.6396484,1.6396484,16.918976,-3.0431519,-3.0431519,9.804474,-5.188751,6,-0.898794046,2004,0.09078018,332,6,-0.02121834,0.1277778,0.438371147,0.872508256,37,50.40275188,0.356815364,Lagopus muta,0.104463156,2025,"{""geodesic"":false,""type"":""Point"",""coordinates"":[10.962499999999995,47.42083333333332]}"
26_0_0,0.435919375,168,-0.7981262,8.244995,-10.503632,1829.4493,287.7867,47.613754,47.613754,718.846,234.7388,670.2355,281.2261,-0.7981262,-0.7981262,-0.7981262,14.80304,-5.46167,-5.46167,7.7440186,-8.160889,1,0.207911691,2079,0.097168006,332,6,0.15449665,0.19241033,-0.978147601,0.914451645,12,51.15294269,0.348647953,Lagopus muta,0.101753109,2025,"{""geodesic"":false,""type"":""Point"",""coordinates"":[11.237499999999997,47.320833333333326]}"
27_0_0,0.619581608,62,-0.13497925,8.777527,-9.72522,1302.1709,189.50943,36.833485,36.833485,508.30438,154.64307,548.3561,169.82198,-0.13497925,-0.13497925,-0.13497925,15.643707,-4.560791,-4.560791,10.655426,-9.76297,0,0.882947593,2065,0.12896854,333,6,0.14367953,0.25476712,0.469471563,0.268773744,10,31.76022563,0.083030857,Lagopus muta,0.01821629,2025,"{""geodesic"":false,""type"":""Point"",""coordinates"":[14.554166666666667,47.08749999999999]}"
28_0_0,0.435919375,168,-0.7981262,8.244995,-10.503632,1829.4493,287.7867,47.613754,47.613754,718.846,234.7388,670.2355,281.2261,-0.7981262,-0.7981262,-0.7981262,14.80304,-5.46167,-5.46167,7.7440186,-8.160889,1,0.207911691,2079,0.097168006,332,6,0.15449665,0.19241033,-0.978147601,0.912636835,12,51.15294269,0.348647953,Lagopus muta,0.101753109,2025,"{""geodesic"":false,""type"":""Point"",""coordinates"":[11.237499999999997,47.320833333333326]}"
29_0_0,0.619581608,62,-0.13497925,8.777527,-9.72522,1302.1709,189.50943,36.833485,36.833485,508.30438,154.64307,548.3561,169.82198,-0.13497925,-0.13497925,-0.13497925,15.643707,-4.560791,-4.560791,10.655426,-9.76297,0,0.882947593,2065,0.12896854,333,6,0.14367953,0.25476712,0.469471563,0.317205535,10,31.76022563,0.083030857,Lagopus muta,0.01821629,2025,"{""geodesic"":false,""type"":""Point"",""coordinates"":[14.554166666666667,47.08749999999999]}"
31_0_0,0.578048713,210,-1.8286438,7.215637,-11.344025,1723.2167,271.21194,46.520657,46.520657,680.9942,223.60208,639.3032,263.47455,-1.8286438,-1.8286438,-1.8286438,13.924591,-6.2597656,-6.2597656,6.9062805,-9.214142,0,-0.5,2365,0.13442086,321,6,0.14061451,0.1960784,-0.866025404,0.992606992,16,63.06281294,0.665345157,Lagopus muta,0.199370313,2025,"{""geodesic"":false,""type"":""Point"",""coordinates"":[11.279166666666663,47.129166666666656]}"
32_0_0,0.523847027,234,0.31671143,9.164673,-9.036194,1957.8893,300.1318,50.875305,50.875305,736.6188,269.34808,676.6666,355.9783,0.31671143,0.31671143,0.31671143,15.6562805,-4.1567993,-4.1567993,7.972473,-5.522461,0,-0.809016994,1937,0.052008893,322,6,0.08234838,0.22267458,-0.587785252,0.252799579,17,57.55973953,0.626521899,Lagopus muta,0.195917498,2025,"{""geodesic"":false,""type"":""Point"",""coordinates"":[10.345833333333328,47.30416666666666]}"
37_0_0,0.715858069,54,1.0975952,10.030029,-8.60025,1842.5522,279.4646,52.52833,52.52833,659.4526,268.23633,607.81274,350.9987,1.0975952,1.0975952,1.0975952,16.593475,-3.5725403,-3.5725403,8.118988,-4.6011353,2,0.809016994,1900,0.11275679,321,7,0.21873367,0.24896841,0.587785252,0.594541083,15,51.49142257,0.439162004,Lagopus muta,0.132781828,2025,"{""geodesic"":false,""type"":""Point"",""coordinates"":[9.695833333333328,47.07916666666666]}"
38_0_0,0.715858069,54,1.0975952,10.030029,-8.60025,1842.5522,279.4646,52.52833,52.52833,659.4526,268.23633,607.81274,350.9987,1.0975952,1.0975952,1.0975952,16.593475,-3.5725403,-3.5725403,8.118988,-4.6011353,2,0.809016994,1900,0.11275679,321,7,0.21873367,0.24896841,0.587785252,0.847116402,15,51.49142257,0.439162004,Lagopus muta,0.132781828,2025,"{""geodesic"":false,""type"":""Point"",""coordinates"":[9.695833333333328,47.07916666666666]}"
39_0_0,0.56722078,237,0.18948364,9.164673,-9.216339,1428.795,199.67867,45.14051,45.14051,516.85876,208.32315,511.7374,243.27028,0.18948364,0.18948364,0.18948364,16.029175,-4.0620728,-4.0620728,9.150085,-7.636261,1,-0.838670568,2159,0.059387587,321,7,0.19295155,0.2213916,-0.544639035,0.268748192,15,52.87940566,0.398152001,Lagopus muta,0.11748145,2025,"{""geodesic"":false,""type"":""Point"",""coordinates"":[13.729166666666664,47.21249999999999]}"
40_0_0,0.528813069,21,-0.5653076,8.310669,-9.893341,1710.3906,256.8221,47.55114,47.55114,653.42566,233.89091,615.12006,275.37366,-0.5653076,-0.5653076,-0.5653076,15.082367,-4.9706726,-4.9706726,7.58963,-7.544739,0,0.35836795,2109,0.04906993,333,7,0.1467491,0.16251339,0.933580426,0.373644481,10,57.48502983,0.517522962,Lagopus muta,0.153422652,2025,"{""geodesic"":false,""type"":""Point"",""coordinates"":[11.754166666666663,47.24583333333332]}"
41_0_0,0.38244836,25,-2.060852,7.2261353,-12.139984,1592.6345,242.60101,37.800266,37.800266,605.3544,175.54022,600.8667,210.91783,-2.060852,-2.060852,-2.060852,14.186829,-6.640442,-6.640442,7.458832,-10.936188,0,0.422618262,2449,0.025266703,332,7,0.097694315,0.122220114,0.906307787,0.472090372,5,55.21133895,0.400080913,Lagopus muta,0.114686729,2025,"{""geodesic"":false,""type"":""Point"",""coordinates"":[12.470833333333331,46.68749999999999]}"
42_0_0,0.655530723,44,-0.8624573,8.11972,-10.281342,1631.654,252.87624,45.008423,45.008423,633.74896,216.84747,592.8283,257.1012,-0.8624573,-0.8624573,-0.8624573,14.861969,-5.2242126,-5.2242126,7.478363,-7.9122314,0,0.69465837,2088,0.116311595,321,7,0.11058451,0.16304997,0.7193398,0.335270151,11,59.53175565,0.564831638,Lagopus muta,0.169362018,2025,"{""geodesic"":false,""type"":""Point"",""coordinates"":[11.412499999999996,47.10416666666666]}"
43_0_0,0.473997456,256,-4.1523438,4.9413147,-13.579681,1602.5306,225.16946,49.056694,49.056694,600.7569,217.62326,621.22614,254.92601,-4.1523438,-4.1523438,-4.1523438,11.594208,-8.1267395,-8.1267395,6.2344666,-12.309296,0,-0.970295726,2699,0.037311252,333,7,0.106190935,0.10959758,-0.241921896,0.391384608,7,63.88338494,0.720280026,Lagopus muta,0.208179417,2025,"{""geodesic"":false,""type"":""Point"",""coordinates"":[12.712499999999999,47.029166666666654]}"
44_0_0,0.291905937,263,-1.5386963,7.427643,-10.9149475,1557.314,214.58253,49.469093,49.469093,565.1381,227.15907,568.17267,261.3232,-1.5386963,-1.5386963,-1.5386963,14.315887,-5.8623657,-5.8623657,8.187103,-9.750427,0,-0.992546152,2511,0.011050744,333,7,0.0863278,0.06038232,-0.121869343,0.19135207,18,55.50502787,0.496046993,Lagopus muta,0.149686912,2025,"{""geodesic"":false,""type"":""Point"",""coordinates"":[13.754166666666666,47.27083333333332]}"
45_0_0,0.473965504,305,-2.0299377,7.0301514,-11.587158,1746.1428,274.6058,46.83365,46.83365,690.0925,225.70651,647.87915,266.04373,-2.0299377,-2.0299377,-2.0299377,13.734802,-6.5133667,-6.5133667,6.753174,-9.452789,0,-0.819152044,2314,0.036348354,321,7,0.09545706,0.1682618,0.573576436,0.479437454,17,53.38378717,0.389325143,Lagopus muta,0.114333532,2025,"{""geodesic"":false,""type"":""Point"",""coordinates"":[11.27083333333333,47.154166666666654]}"
46_0_0,0.473965504,305,-2.0299377,7.0301514,-11.587158,1746.1428,274.6058,46.83365,46.83365,690.0925,225.70651,647.87915,266.04373,-2.0299377,-2.0299377,-2.0299377,13.734802,-6.5133667,-6.5133667,6.753174,-9.452789,0,-0.819152044,2314,0.036348354,321,7,0.09545706,0.1682618,0.573576436,0.576476886,17,53.38378717,0.389325143,Lagopus muta,0.114333532,2025,"{""geodesic"":false,""type"":""Point"",""coordinates"":[11.27083333333333,47.154166666666654]}"
47_0_0,0.188810702,69,-2.2062683,6.9747925,-12.246826,1856.6119,279.7018,53.164406,53.164406,659.611,269.23505,615.6615,353.64014,-2.2062683,-2.2062683,-2.2062683,13.698395,-7.1280518,-7.1280518,5.6143494,-8.175598,0,0.933580426,2376,0.06918477,332,7,0.0888658,0.025722697,0.35836795,0.145614776,14,51.49142257,0.439162004,Lagopus muta,0.132781828,2025,"{""geodesic"":false,""type"":""Point"",""coordinates"":[9.72916666666666,47.05416666666666]}"
48_0_0,0.659659932,306,-0.35913086,8.832092,-9.993744,1461.811,235.6681,37.60304,37.60304,576.58606,183.12877,534.6843,223.0032,-0.35913086,-0.35913086,-0.35913086,15.370636,-4.6419373,-4.6419373,7.798889,-7.697937,1,-0.809016994,2264,0.19378236,321,7,0.21575342,0.29446837,0.587785252,0.50585313,21,63.20228515,0.67612013,Lagopus muta,0.192384728,2025,"{""geodesic"":false,""type"":""Point"",""coordinates"":[11.037499999999996,46.87083333333332]}"
49_0_0,0.541856856,283,0.31976318,9.22345,-9.025452,1654.5238,257.8434,45.315052,45.315052,645.06116,219.98961,599.8034,260.57034,0.31976318,0.31976318,0.31976318,15.887604,-4.007538,-4.007538,8.427551,-6.653015,0,-0.974370065,1912,0.065495625,322,7,0.097335756,0.22211157,0.224951054,0.376729655,26,59.53175565,0.564831638,Lagopus muta,0.169362018,2025,"{""geodesic"":false,""type"":""Point"",""coordinates"":[11.362499999999997,47.12083333333332]}"
50_0_0,0.438579534,311,0.2871704,9.248871,-9.075623,1519.9012,213.40012,47.564728,47.564728,549.0533,224.61192,533.5796,265.35422,0.2871704,0.2871704,0.2871704,16.094574,-3.9668884,-3.9668884,8.986755,-7.257141,0,-0.75470958,2157,0.009803033,333,7,0.18644066,0.14233072,0.656059029,0.880535033,10,55.53203552,0.493006033,Lagopus muta,0.14896593,2025,"{""geodesic"":false,""type"":""Point"",""coordinates"":[13.720833333333331,47.279166666666654]}"
53_0_0,0.476781724,120,-2.731598,6.255768,-12.06662,1646.4253,233.18536,49.639484,49.639484,615.11804,225.66759,625.03235,262.2795,-2.731598,-2.731598,-2.731598,12.928925,-6.7858887,-6.7858887,7.232849,-10.985931,0,0.866025404,2394,0.019270562,333,7,0.062444333,0.046061717,-0.5,0.401337099,8,67.50264102,0.85183052,Lagopus muta,0.250648728,2025,"{""geodesic"":false,""type"":""Point"",""coordinates"":[12.845833333333331,47.13749999999999]}"
54_0_0,0.037058742,85,-6.007843,3.4802246,-15.939301,1287.1321,200.30528,36.000225,36.000225,482.68127,172.12703,460.65784,219.62091,-6.007843,-6.007843,-6.007843,10.321869,-10.594177,-10.594177,2.9100952,-13.0971985,0,0.996194698,2972,0.0174895,332,8,0.00644617,-0.024653513,0.087155743,0.179019314,3,99.98046875,33.33300781,Lagopus muta,10,2025,"{""geodesic"":false,""type"":""Point"",""coordinates"":[10.82083333333333,46.83749999999999]}"
55_0_0,0.360917102,337,-1.0546265,7.9681396,-10.648224,1983.2971,304.47263,52.27151,52.27151,729.5079,274.93945,661.44684,368.59183,-1.0546265,-1.0546265,-1.0546265,14.545258,-5.6406555,-5.6406555,6.5360107,-6.8209534,0,-0.390731128,2317,0.04896695,333,8,0.14709371,0.10171852,0.920504853,0.402232488,3,58.62427214,0.685414396,Lagopus muta,0.216267891,2025,"{""geodesic"":false,""type"":""Point"",""coordinates"":[10.104166666666663,47.22916666666666]}"
56_0_0,0.44902879,254,-1.2460022,7.8098145,-10.945221,1843.3152,287.8764,46.358967,46.358967,712.0614,242.64664,658.0554,310.35516,-1.2460022,-1.2460022,-1.2460022,14.37088,-6.011902,-6.011902,7.101654,-7.7901,0,-0.961261696,2210,0.015739534,332,8,0.1396779,0.13038734,-0.275637356,0.062757772,12,57.78534985,0.585239924,Lagopus muta,0.17994435,2025,"{""geodesic"":false,""type"":""Point"",""coordinates"":[10.637499999999996,47.320833333333326]}"
57_0_0,0.112919886,285,-4.122986,5.208069,-14.045258,1526.314,230.532,42.661552,42.661552,554.19604,219.63663,516.972,288.8649,-4.122986,-4.122986,-4.122986,12.251404,-9.031708,-9.031708,4.5102234,-10.014191,0,-0.965925826,2714,0.007901443,333,8,0.03145378,0.005177909,0.258819045,0.526774506,7,63.44087021,0.75011027,Lagopus muta,0.229336676,2025,"{""geodesic"":false,""type"":""Point"",""coordinates"":[10.504166666666663,47.037499999999994]}"
58_0_0,0.291905937,263,-1.5386963,7.427643,-10.9149475,1557.314,214.58253,49.469093,49.469093,565.1381,227.15907,568.17267,261.3232,-1.5386963,-1.5386963,-1.5386963,14.315887,-5.8623657,-5.8623657,8.187103,-9.750427,0,-0.992546152,2511,0.011050744,333,8,0.0863278,0.06038232,-0.121869343,0.197162206,18,55.50502787,0.496046993,Lagopus muta,0.149686912,2025,"{""geodesic"":false,""type"":""Point"",""coordinates"":[13.754166666666666,47.27083333333332]}"
61_0_0,-0.022425572,16,-2.5308533,6.5162964,-11.906433,2089.3696,300.1917,59.747192,59.747192,765.64056,296.44574,719.17645,364.24017,-2.5308533,-2.5308533,-2.5308533,13.401642,-7.0378113,-7.0378113,6.360016,-10.79068,0,0.275637356,2578,0.038595527,332,8,0.045208525,-0.003515199,0.961261696,0.569650958,10,53.16970468,0.514405633,Lagopus muta,0.159643239,2025,"{""geodesic"":false,""type"":""Point"",""coordinates"":[13.629166666666666,47.47916666666666]}"
64_0_0,0.203859679,185,-4.495636,4.576233,-13.903717,1615.8218,225.62172,49.744606,49.744606,604.09705,220.70718,628.399,256.6234,-4.495636,-4.495636,-4.495636,11.256989,-8.5008545,-8.5008545,6.0145264,-12.717804,0,-0.087155743,2695,0.032997146,332,8,0.015924744,-2.33E-04,-0.996194698,0.766408732,16,67.07360367,0.856545173,Lagopus muta,0.248474303,2025,"{""geodesic"":false,""type"":""Point"",""coordinates"":[12.687499999999998,47.05416666666666]}"
65_0_0,0.063416357,339,-4.2626038,4.9795837,-13.920929,1611.3501,255.62335,44.453667,44.453667,640.4209,208.03902,609.4614,245.42973,-4.2626038,-4.2626038,-4.2626038,11.821564,-8.650299,-8.650299,5.088684,-11.868927,0,-0.35836795,2693,0.022068422,332,9,0.013678502,-0.026950184,0.933580426,0.20706977,16,65.03997594,0.740213724,Lagopus muta,0.216368778,2025,"{""geodesic"":false,""type"":""Point"",""coordinates"":[11.170833333333329,46.97916666666666]}"
67_0_0,0.253885055,207,-1.308075,7.70166,-10.689178,1491.7987,206.26042,46.92022,46.92022,537.41724,213.6746,544.78406,247.27748,-1.308075,-1.308075,-1.308075,14.563904,-5.453186,-5.453186,8.161774,-9.424591,0,-0.4539905,2484,0.05646214,333,9,0.11609022,0.09238371,-0.891006524,0.897325346,7,59.65962767,0.586064469,Lagopus muta,0.176246182,2025,"{""geodesic"":false,""type"":""Point"",""coordinates"":[13.3875,47.16249999999999]}"
68_0_0,0.206296441,81,-0.274292,8.733063,-9.946381,1822.6074,286.58728,47.590992,47.590992,715.4257,234.8898,666.8989,281.6394,-0.274292,-0.274292,-0.274292,15.273285,-4.915039,-4.915039,8.182098,-7.5657043,0,0.987688341,2031,0.14068696,333,9,0.10742067,0.11252488,0.156434465,0.199118534,14,51.15294269,0.348647953,Lagopus muta,0.101753109,2025,"{""geodesic"":false,""type"":""Point"",""coordinates"":[11.237499999999997,47.32916666666666]}"
69_0_0,0.213811837,79,-1.7658081,7.3846436,-11.52124,1692.3943,255.45717,47.069824,47.069824,605.18134,245.26253,553.96515,332.0948,-1.7658081,-1.7658081,-1.7658081,14.178497,-6.4449463,-6.4449463,6.0163574,-7.380493,0,0.981627183,2549,0.021433752,332,9,0.07223417,0.016344097,0.190808995,0.655887806,16,63.80200585,0.873533709,Lagopus muta,0.273622036,2025,"{""geodesic"":false,""type"":""Point"",""coordinates"":[10.237499999999995,47.05416666666666]}"
70_0_0,0.602792732,223,-0.23318481,8.903687,-10.244751,1217.4307,165.88557,35.601032,35.601032,437.20673,152.61276,495.77423,173.61697,-0.23318481,-0.23318481,-0.23318481,16.125427,-4.8854065,-4.8854065,9.576538,-10.125641,1,-0.68199836,2027,0.05953982,321,10,0.29801583,0.31044412,-0.731353702,0.973883963,4,36.36307496,0.120209645,Lagopus muta,0.029458994,2025,"{""geodesic"":false,""type"":""Point"",""coordinates"":[13.829166666666666,46.77916666666666]}"
71_0_0,0.53546558,141,-1.8369141,7.3679504,-11.611053,1524.4089,222.72177,42.226,42.226,570.0547,191.4739,568.9256,230.05174,-1.8369141,-1.8369141,-1.8369141,13.978302,-6.0025635,-6.0025635,7.3526306,-10.458527,0,0.629320391,2283,0.08280105,321,11,0.14743896,0.20940866,-0.777145961,0.752499286,9,57.26587604,0.492917361,Lagopus muta,0.143251504,2025,"{""geodesic"":false,""type"":""Point"",""coordinates"":[12.779166666666665,46.88749999999999]}"
73_0_0,0.748776567,268,2.0628662,11.091492,-7.2708435,1471.2837,219.9378,42.28447,42.28447,543.7328,202.45126,495.95728,250.2691,2.0628662,2.0628662,2.0628662,17.501251,-1.737793,-1.737793,9.55072,-5.086334,0,-0.999390827,1673,0.037083693,322,1,0.28152373,0.29860452,-0.034899497,0.986247737,14,60.33192237,0.597305625,Lagopus muta,0.177413799,2024,"{""geodesic"":false,""type"":""Point"",""coordinates"":[13.062499999999998,47.05416666666666]}"
74_0_0,0.399705464,154,-0.68582153,8.315826,-10.293549,1794.4292,278.2319,47.582157,47.582157,696.85693,234.8378,650.7062,280.96024,-0.68582153,-0.68582153,-0.68582153,14.9296875,-5.2737427,-5.2737427,7.6440735,-7.8509216,0,0.438371147,2065,0.18014964,333,1,0.08817636,0.090452276,-0.898794046,0.149527844,14,50.21822877,0.329352884,Lagopus muta,0.095268584,2024,"{""geodesic"":false,""type"":""Point"",""coordinates"":[11.387499999999996,47.31249999999999]}"
75_0_0,0.511485813,112,-1.1358032,8.179657,-10.891052,1332.2893,214.21793,33.868023,33.868023,514.2789,167.80782,475.9713,211.93329,-1.1358032,-1.1358032,-1.1358032,14.740234,-5.483612,-5.483612,6.866577,-8.256653,0,0.927183855,2287,0.015231869,321,2,0.19969156,0.20703575,-0.374606593,0.949492203,10,94.47436535,27.80086419,Lagopus muta,8.337550148,2024,"{""geodesic"":false,""type"":""Point"",""coordinates"":[10.904166666666663,46.820833333333326]}"
76_0_0,0.69850755,254,0.3373413,9.383392,-9.037903,1488.2644,217.11304,43.854546,43.854546,548.8632,203.9293,524.55853,246.57013,0.3373413,0.3373413,0.3373413,15.914612,-3.5456848,-3.5456848,8.789825,-7.3046875,1,-0.961261696,1967,0.022072166,321,2,0.28072837,0.27262282,-0.275637356,0.249639029,22,60.33192237,0.597305625,Lagopus muta,0.177413799,2024,"{""geodesic"":false,""type"":""Point"",""coordinates"":[13.070833333333331,47.05416666666666]}"
77_0_0,0.637222149,329,0.46984863,9.530457,-9.174408,1559.3647,234.00522,44.56393,44.56393,554.1308,228.82518,499.13824,305.27713,0.46984863,0.46984863,0.46984863,16.12445,-3.988739,-3.988739,7.501068,-5.1306458,0,-0.515038075,2155,0.019965347,321,2,0.27222002,0.2469922,0.857167301,0.395687801,16,63.99902043,0.851459411,Lagopus muta,0.25282055,2024,"{""geodesic"":false,""type"":""Point"",""coordinates"":[10.112499999999995,46.912499999999994]}"
79_0_0,0.665430098,12,0.036743164,8.998352,-9.362488,1534.074,230.71922,42.38221,42.38221,565.24695,221.161,520.6639,285.57544,0.036743164,0.036743164,0.036743164,15.703583,-4.4204407,-4.4204407,7.7331543,-5.584198,4,0.207911691,2055,0.091776274,321,2,0.28565347,0.34018946,0.978147601,0.57469316,19,62.17005558,0.713011304,Lagopus muta,0.220774615,2024,"{""geodesic"":false,""type"":""Point"",""coordinates"":[10.604166666666663,47.08749999999999]}"
81_0_0,0.641352691,31,1.8707886,10.769226,-7.531891,1663.4486,249.06354,48.012306,48.012306,626.3244,230.9775,584.6869,282.69345,1.8707886,1.8707886,1.8707886,17.535767,-2.4500122,-2.4500122,10.063812,-5.4511414,0,0.515038075,1857,0.018966947,321,3,0.12785783,0.29382217,0.857167301,0.975810369,7,41.98115297,0.200497733,Lagopus muta,0.053427006,2024,"{""geodesic"":false,""type"":""Point"",""coordinates"":[14.670833333333334,47.55416666666665]}"
82_0_0,0.652222729,143,-1.1492004,7.9216003,-10.6935425,1522.9617,229.35905,42.192776,42.192776,558.89453,219.2783,516.2135,284.20993,-1.1492004,-1.1492004,-1.1492004,14.715515,-5.7213745,-5.7213745,6.79126,-6.8631287,0,0.601815023,2219,0.097302936,321,3,0.25815684,0.27644295,-0.79863551,0.588634188,14,62.17005558,0.713011304,Lagopus muta,0.220774615,2024,"{""geodesic"":false,""type"":""Point"",""coordinates"":[10.587499999999995,47.070833333333326]}"
83_0_0,0.671921719,159,-0.12411499,8.845703,-9.701721,1681.8213,259.35956,44.826073,44.826073,649.2547,224.46358,604.16754,270.6054,-0.12411499,-0.12411499,-0.12411499,15.487274,-4.7679443,-4.7679443,8.197937,-7.0066833,0,0.35836795,2265,0.12514402,321,3,0.3023733,0.28791466,-0.933580426,0.494321419,13,60.03179806,0.591726739,Lagopus muta,0.177798958,2024,"{""geodesic"":false,""type"":""Point"",""coordinates"":[11.029166666666663,47.220833333333324]}"
84_0_0,0.662073902,192,-0.037902832,9.174072,-9.820862,1498.2472,224.84067,39.673283,39.673283,561.5021,185.71945,535.6815,228.53168,-0.037902832,-0.037902832,-0.037902832,15.653931,-4.1552124,-4.1552124,8.11377,-8.333771,2,-0.207911691,1869,0.09925705,142,4,0.2805474,0.2833511,-0.978147601,0.170593891,19,57.26587604,0.492917361,Lagopus muta,0.143251504,2024,"{""geodesic"":false,""type"":""Point"",""coordinates"":[12.787499999999998,46.87083333333332]}"
85_0_0,0.644749564,49,-0.43139648,8.826294,-10.323059,1451.9236,218.10365,37.800236,37.800236,540.973,176.83487,517.9904,216.64671,-0.43139648,-0.43139648,-0.43139648,15.413727,-4.662567,-4.662567,7.661682,-8.717194,0,0.75470958,2175,0.056317266,321,4,0.29847237,0.31663683,0.656059029,0.686435295,10,55.22851908,0.41329629,Lagopus muta,0.116743251,2024,"{""geodesic"":false,""type"":""Point"",""coordinates"":[12.604166666666664,46.820833333333326]}"
86_0_0,0.731102894,203,2.4917603,11.458771,-6.795685,1455.3921,207.41347,45.27591,45.27591,518.6205,221.072,479.67783,267.73254,2.4917603,2.4917603,2.4917603,18.241333,-1.5724487,-1.5724487,9.794861,-4.060211,1,-0.390731128,1836,0.22641152,322,4,0.272416,0.31083477,-0.920504853,0.672641961,12,54.6860464,0.469616237,Lagopus muta,0.140811036,2024,"{""geodesic"":false,""type"":""Point"",""coordinates"":[13.537499999999998,47.254166666666656]}"
87_0_0,0.618507734,190,2.3097534,11.509644,-7.702118,1414.7457,216.82904,35.71342,35.71342,515.46155,172.65172,464.09488,220.22939,2.3097534,2.3097534,2.3097534,18.043,-2.071106,-2.071106,7.885498,-6.16687,3,-0.173648178,1584,0.15673438,321,5,0.29392928,0.3547266,-0.984807753,0.169041897,21,46.97996856,0.256918487,Lagopus muta,0.072144645,2024,"{""geodesic"":false,""type"":""Point"",""coordinates"":[13.154166666666665,46.77083333333333]}"
89_0_0,0.30888458,4,-0.003631592,9.188568,-10.12561,1618.0514,246.2734,40.204914,40.204914,590.9733,189.8949,565.73584,235.04085,-0.003631592,-0.003631592,-0.003631592,15.8974,-4.5827026,-4.5827026,7.3919983,-9.534943,2,0.069756474,1993,0.085070774,333,5,0.037394494,0.13848361,0.99756405,0.857632467,8,42.62423296,0.200834386,Lagopus muta,0.055273876,2024,"{""geodesic"":false,""type"":""Point"",""coordinates"":[13.154166666666665,46.68749999999999]}"
90_0_0,0.620245871,156,-2.5663452,6.4858704,-11.958252,1590.4528,226.38033,47.8429,47.8429,594.7648,215.6978,602.09326,253.84929,-2.5663452,-2.5663452,-2.5663452,13.11322,-6.5412903,-6.5412903,7.294861,-10.726685,0,0.406736643,2419,0.0258136,333,5,0.13575625,0.19546331,-0.913545458,0.93723047,12,65.46306318,0.768020595,Lagopus muta,0.227460091,2024,"{""geodesic"":false,""type"":""Point"",""coordinates"":[12.854166666666664,47.06249999999999]}"
91_0_0,0.597664372,179,-2.022522,7.003784,-11.368225,1621.46,233.20757,48.447968,48.447968,609.1284,221.97299,606.0796,263.87943,-2.022522,-2.022522,-2.022522,13.566376,-5.9680786,-5.9680786,7.4236145,-9.792908,0,0.017452406,2283,0.015710576,321,5,0.17090909,0.14602672,-0.999847695,0.833752327,6,67.50264102,0.85183052,Lagopus muta,0.250648728,2024,"{""geodesic"":false,""type"":""Point"",""coordinates"":[12.770833333333332,47.07916666666666]}"
92_0_0,0.711979887,113,1.1321411,10.1684265,-8.267456,1361.5691,194.00412,41.454987,41.454987,491.77832,192.8799,477.2102,232.05617,1.1321411,1.1321411,1.1321411,16.964355,-2.9395142,-2.9395142,9.444702,-6.6056213,3,0.920504853,2043,0.10975904,321,5,0.20290513,0.24545687,-0.390731128,0.17293434,9,57.88824104,0.522778832,Lagopus muta,0.152893834,2024,"{""geodesic"":false,""type"":""Point"",""coordinates"":[13.54583333333333,47.10416666666666]}"
95_0_0,0.642472741,164,0.16552734,9.04892,-9.065796,1635.7753,236.76419,49.093334,49.093334,605.6059,230.89917,588.9895,270.90308,0.16552734,0.16552734,0.16552734,15.663513,-3.88797,-3.88797,8.914337,-7.25177,0,0.275637356,2067,0.036340434,321,5,0.2964467,0.23102863,-0.961261696,0.527947371,9,57.3058472,0.521918273,Lagopus muta,0.156565202,2024,"{""geodesic"":false,""type"":""Point"",""coordinates"":[12.937499999999998,47.21249999999999]}"
96_0_0,0.464579861,57,2.532837,11.439606,-6.915558,1898.3629,285.54224,52.66227,52.66227,707.89325,261.0214,660.6272,326.6892,2.532837,2.532837,2.532837,18.077118,-1.8576965,-1.8576965,10.460419,-5.4180603,1,0.838670568,1430,0.061683442,333,5,0.09073419,0.20159587,0.544639035,8.68E-04,18,31.60666329,0.105234406,Lagopus muta,0.025407854,2024,"{""geodesic"":false,""type"":""Point"",""coordinates"":[14.320833333333333,47.78749999999999]}"
97_0_0,0.46116104,71,2.447113,11.354095,-6.9980774,1911.964,287.5293,52.9977,52.9977,713.23535,262.75397,665.92755,328.7975,2.447113,2.447113,2.447113,17.992645,-1.9464417,-1.9464417,10.384644,-5.5326233,1,0.945518576,1763,0.046832703,333,5,0.11580596,0.1825703,0.325568154,0.037291042,12,31.60666329,0.105234406,Lagopus muta,0.025407854,2024,"{""geodesic"":false,""type"":""Point"",""coordinates"":[14.320833333333333,47.779166666666654]}"
100_0_0,0.687760742,149,0.8302307,10.028503,-9.196503,1432.1115,214.04065,37.659702,37.659702,520.16644,176.0332,492.88205,219.1602,0.8302307,0.8302307,0.8302307,16.689514,-3.6159058,-3.6159058,7.440674,-8.04248,4,0.515038075,1913,0.12725723,321,5,0.19080459,0.30154797,-0.857167301,0.764680752,13,46.97996856,0.256918487,Lagopus muta,0.072144645,2024,"{""geodesic"":false,""type"":""Point"",""coordinates"":[13.154166666666665,46.77916666666666]}"
101_0_0,0.484322267,317,0.89920044,9.877838,-8.453613,1956.1752,286.2552,55.627556,55.627556,712.02765,283.92358,655.9661,359.77313,0.89920044,0.89920044,0.89920044,16.657806,-3.4600525,-3.4600525,8.647125,-6.2556458,2,-0.68199836,1766,0.033232942,333,5,0.12718333,0.20053934,0.731353702,0.842011263,16,52.09235462,0.464279377,Lagopus muta,0.141478356,2024,"{""geodesic"":false,""type"":""Point"",""coordinates"":[13.6875,47.52083333333332]}"
102_0_0,0.662629129,312,-1.4136353,7.6922913,-10.935272,1415.7161,211.8894,39.832256,39.832256,518.0243,204.89246,478.52057,260.1044,-1.4136353,-1.4136353,-1.4136353,14.480499,-5.90152,-5.90152,6.4025574,-7.2388916,0,-0.743144825,2437,0.08391966,321,5,0.043705463,0.03921284,0.669130606,0.617612574,16,64.36925184,0.712298308,Lagopus muta,0.210667714,2024,"{""geodesic"":false,""type"":""Point"",""coordinates"":[10.712499999999995,47.04583333333333]}"
104_0_0,0.520563669,356,1.1757202,10.089355,-8.192139,1950.5237,290.309,54.473152,54.473152,730.65027,268.0828,685.399,330.86862,1.1757202,1.1757202,1.1757202,16.78302,-3.2075195,-3.2075195,9.472565,-6.9723206,0,-0.069756474,1739,0.084956914,322,5,0.09455229,0.17961691,0.99756405,0.322288926,15,43.66333475,0.227403856,Lagopus muta,0.06243322,2024,"{""geodesic"":false,""type"":""Point"",""coordinates"":[14.2625,47.66249999999999]}"
105_0_0,0.444136439,337,0.97180176,10.051331,-8.856384,1863.4943,292.1114,49.80418,49.80418,678.0521,260.94687,614.74506,348.6907,0.97180176,0.97180176,0.97180176,16.331818,-3.5898438,-3.5898438,7.1620483,-5.186157,0,-0.390731128,1897,0.14563422,321,5,0.24751851,0.2553109,0.920504853,0.280620251,5,40.8540825,0.199624983,Lagopus muta,0.055807183,2024,"{""geodesic"":false,""type"":""Point"",""coordinates"":[9.779166666666661,47.30416666666666]}"
107_0_0,0.641352691,31,1.8707886,10.769226,-7.531891,1663.4486,249.06354,48.012306,48.012306,626.3244,230.9775,584.6869,282.69345,1.8707886,1.8707886,1.8707886,17.535767,-2.4500122,-2.4500122,10.063812,-5.4511414,0,0.515038075,1857,0.018966947,321,6,0.12785783,0.29382217,0.857167301,0.657395748,7,41.98115297,0.200497733,Lagopus muta,0.053427006,2024,"{""geodesic"":false,""type"":""Point"",""coordinates"":[14.670833333333334,47.55416666666665]}"
108_0_0,0.671937097,268,0.56033325,9.517487,-8.774994,1490.9705,211.55885,46.121307,46.121307,536.52783,216.46942,521.00543,255.68582,0.56033325,0.56033325,0.56033325,16.273926,-3.522583,-3.522583,9.004822,-6.8713684,0,-0.999390827,2079,0.028295826,321,6,0.26211372,0.26874435,-0.034899497,0.9356636,8,58.54209672,0.55501675,Lagopus muta,0.166406114,2024,"{""geodesic"":false,""type"":""Point"",""coordinates"":[13.304166666666665,47.18749999999999]}"
109_0_0,0.598188818,25,0.3970337,9.386627,-8.910858,1497.8218,209.51831,46.963337,46.963337,536.22577,222.1166,517.98804,262.50052,0.3970337,0.3970337,0.3970337,16.19806,-3.6922607,-3.6922607,8.778961,-6.9000854,0,0.422618262,2091,0.030305065,321,6,0.12874265,0.11762634,0.906307787,0.390991899,8,58.15316768,0.546331779,Lagopus muta,0.164021117,2024,"{""geodesic"":false,""type"":""Point"",""coordinates"":[13.462499999999999,47.220833333333324]}"
110_0_0,0.676870118,236,1.2376709,10.154633,-8.050812,1528.8276,217.72127,47.554504,47.554504,547.9252,227.36243,521.4699,269.26535,1.2376709,1.2376709,1.2376709,16.88559,-2.8407593,-2.8407593,9.237854,-5.719116,2,-0.829037573,1949,0.07393248,321,6,0.24420309,0.28699207,-0.559192903,0.234994354,9,58.54209672,0.55501675,Lagopus muta,0.166406114,2024,"{""geodesic"":false,""type"":""Point"",""coordinates"":[13.279166666666665,47.24583333333332]}"
111_0_0,0.732979127,145,1.3035583,10.264557,-8.015564,1471.4841,209.66951,45.421623,45.421623,528.13464,215.89426,504.10345,257.47797,1.3035583,1.3035583,1.3035583,17.014404,-2.7583313,-2.7583313,9.327667,-5.8719788,2,0.573576436,1947,0.02266746,321,6,0.28770036,0.23883805,-0.819152044,0.505986782,15,59.65962767,0.586064469,Lagopus muta,0.176246182,2024,"{""geodesic"":false,""type"":""Point"",""coordinates"":[13.362499999999999,47.195833333333326]}"
112_0_0,0.271155811,26,-0.18365479,8.809113,-9.497467,1513.5209,210.51308,47.63562,47.63562,542.4181,223.57927,529.895,262.33157,-0.18365479,-0.18365479,-0.18365479,15.634399,-4.2899475,-4.2899475,8.500488,-7.657898,0,0.438371147,2158,0.017007109,333,6,0.10010765,0.08188801,0.898794046,0.865281116,12,58.15316768,0.546331779,Lagopus muta,0.164021117,2024,"{""geodesic"":false,""type"":""Point"",""coordinates"":[13.454166666666666,47.220833333333324]}"
113_0_0,0.452667843,48,1.5574951,10.47348,-7.8285217,1698.6167,253.21242,48.616375,48.616375,640.5366,235.05272,598.094,286.3671,1.5574951,1.5574951,1.5574951,17.265167,-2.7728271,-2.7728271,9.840088,-5.9621277,0,0.743144825,1939,0.074924074,332,6,0.028901767,0.21558444,0.669130606,0.835180627,9,43.57184759,0.223920705,Lagopus muta,0.061008839,2024,"{""geodesic"":false,""type"":""Point"",""coordinates"":[14.529166666666667,47.55416666666665]}"
115_0_0,0.609666877,177,1.9862671,10.902039,-7.4829407,1621.8798,243.67462,46.060734,46.060734,571.63226,240.98267,509.0163,325.50824,1.9862671,1.9862671,1.9862671,17.441559,-2.363922,-2.363922,8.5885315,-3.2049866,0,0.052335956,2025,0.057992984,322,6,0.15869015,0.18197985,-0.998629535,0.687125092,17,63.70699151,0.841126184,Lagopus muta,0.260565445,2024,"{""geodesic"":false,""type"":""Point"",""coordinates"":[10.129166666666661,46.97916666666666]}"
116_0_0,0.433657599,38,-3.1244507,5.912201,-12.508636,1617.9298,228.6669,48.97168,48.97168,605.0877,220.10059,619.03955,256.6947,-3.1244507,-3.1244507,-3.1244507,12.582794,-7.1460876,-7.1460876,7.0104675,-11.408783,0,0.615661475,2428,0.10460322,333,6,0.18113677,0.12473968,0.788010754,0.147080898,10,67.50264102,0.85183052,Lagopus muta,0.250648728,2024,"{""geodesic"":false,""type"":""Point"",""coordinates"":[12.837499999999999,47.08749999999999]}"
117_0_0,0.707881,58,2.6029053,11.395752,-6.6237793,1772.7057,263.22763,50.32825,50.32825,660.545,252.35028,619.875,310.1801,2.6029053,2.6029053,2.6029053,17.981476,-1.6462097,-1.6462097,10.380188,-4.1746216,1,0.848048096,1829,0.045261774,321,6,0.20028009,0.26521823,0.529919264,0.002359199,2,51.4465902,0.364111362,Lagopus muta,0.106310953,2024,"{""geodesic"":false,""type"":""Point"",""coordinates"":[12.487499999999997,47.37083333333332]}"
118_0_0,0.727854753,337,0.3945923,9.288696,-9.089905,1782.9763,275.6061,45.92008,45.92008,685.87195,239.92535,634.5561,304.4616,0.3945923,0.3945923,0.3945923,15.84256,-4.2325134,-4.2325134,8.461578,-5.8247986,0,-0.390731128,1991,0.18169476,231,6,0.18605532,0.37728286,0.920504853,0.456059416,7,55.63424862,0.500528916,Lagopus muta,0.152409658,2024,"{""geodesic"":false,""type"":""Point"",""coordinates"":[10.654166666666661,47.28749999999999]}"
119_0_0,0.633778011,62,1.6772461,10.559753,-7.768097,1923.1195,296.5693,51.674637,51.674637,699.6523,271.75522,625.9777,367.44882,1.6772461,1.6772461,1.6772461,16.868073,-2.6646423,-2.6646423,8.108734,-3.782257,0,0.882947593,1696,0.09740185,321,6,0.28158408,0.28140453,0.469471563,0.132979502,11,47.53461475,0.307204943,Lagopus muta,0.089621898,2024,"{""geodesic"":false,""type"":""Point"",""coordinates"":[9.929166666666662,47.32916666666666]}"
121_0_0,0.622079517,193,0.41741943,9.4711,-9.228668,1582.5186,237.3826,45.24419,45.24419,561.7853,232.33336,505.7078,309.9959,0.41741943,0.41741943,0.41741943,16.063507,-4.042694,-4.042694,7.4210815,-5.151367,0,-0.224951054,2090,0.3177795,321,6,0.070002,0.24332497,-0.974370065,0.347194755,10,63.99902043,0.851459411,Lagopus muta,0.25282055,2024,"{""geodesic"":false,""type"":""Point"",""coordinates"":[10.095833333333328,46.92083333333333]}"
122_0_0,0.386450985,226,-0.4675598,8.515442,-10.057861,1805.5048,281.87363,47.649506,47.649506,706.45325,234.68922,659.1248,279.59323,-0.4675598,-0.4675598,-0.4675598,15.106232,-5.0562134,-5.0562134,7.926483,-7.6887817,0,-0.7193398,1895,0.1304848,333,6,0.13236082,0.1730159,-0.69465837,0.047496042,22,49.3714235,0.306315438,Lagopus muta,0.088415368,2024,"{""geodesic"":false,""type"":""Point"",""coordinates"":[11.304166666666664,47.29583333333332]}"
123_0_0,0.563343635,143,-0.42218018,8.5581665,-10.00293,1787.3593,276.7746,47.545704,47.545704,693.1903,234.8188,647.1149,280.90793,-0.42218018,-0.42218018,-0.42218018,15.169373,-4.992096,-4.992096,7.8469543,-7.5350647,0,0.601815023,1969,0.1634331,332,6,0.070786074,0.08915053,-0.79863551,0.965204554,23,50.21822877,0.329352884,Lagopus muta,0.095268584,2024,"{""geodesic"":false,""type"":""Point"",""coordinates"":[11.39583333333333,47.31249999999999]}"
125_0_0,0.617687668,252,3.4729004,12.334717,-5.9822693,1574.4456,239.42795,45.94424,45.94424,591.1564,219.69771,549.36957,274.89597,3.4729004,3.4729004,3.4729004,18.878174,-0.7234802,-0.7234802,10.928009,-3.453186,0,-0.951056516,1558,0.02747842,322,6,0.15255342,0.28299108,-0.309016994,0.300627574,6,42.6270128,0.204286922,Lagopus muta,0.054705575,2024,"{""geodesic"":false,""type"":""Point"",""coordinates"":[14.9625,47.595833333333324]}"
126_0_0,0.573843534,44,-0.23736572,8.798126,-9.629608,1427.0331,202.35524,43.358055,43.358055,516.098,196.91032,511.72473,235.81676,-0.23736572,-0.23736572,-0.23736572,15.540405,-4.2489624,-4.2489624,8.680969,-8.317963,0,0.69465837,2333,0.069065474,321,6,0.13625683,0.16276775,0.7193398,0.737283922,15,57.66014467,0.547064813,Lagopus muta,0.155157678,2024,"{""geodesic"":false,""type"":""Point"",""coordinates"":[13.287499999999998,47.04583333333333]}"
127_0_0,0.71981624,146,6.1080017,14.570984,-2.8479004,1665.863,254.61522,47.013042,47.013042,636.932,235.21484,588.4985,278.86142,6.1080017,6.1080017,6.1080017,21.045715,1.9284058,1.9284058,13.12439,0.032562256,13,0.559192903,779,0.7436527,313,6,0.29967362,0.5575496,-0.829037573,0.446389611,16,50.21822877,0.329352884,Lagopus muta,0.095268584,2024,"{""geodesic"":false,""type"":""Point"",""coordinates"":[11.39583333333333,47.28749999999999]}"
128_0_0,0.319072173,181,-1.1075134,7.9253235,-10.753876,1814.5942,283.3897,47.676254,47.676254,710.3072,234.59703,663.10614,279.70023,-1.1075134,-1.1075134,-1.1075134,14.533936,-5.7302246,-5.7302246,7.3907166,-8.416412,0,-0.017452406,2019,0.0669688,332,6,0.06917673,0.07980824,-0.999847695,0.909110364,23,49.3714235,0.306315438,Lagopus muta,0.088415368,2024,"{""geodesic"":false,""type"":""Point"",""coordinates"":[11.312499999999996,47.29583333333332]}"
134_0_0,0.271155811,26,-0.18365479,8.809113,-9.497467,1513.5209,210.51308,47.63562,47.63562,542.4181,223.57927,529.895,262.33157,-0.18365479,-0.18365479,-0.18365479,15.634399,-4.2899475,-4.2899475,8.500488,-7.657898,0,0.438371147,2158,0.017007109,333,6,0.10010765,0.08188801,0.898794046,0.937519605,12,58.15316768,0.546331779,Lagopus muta,0.164021117,2024,"{""geodesic"":false,""type"":""Point"",""coordinates"":[13.454166666666666,47.220833333333324]}"
135_0_0,0.396817519,290,-2.748291,6.567871,-12.558014,1460.4965,237.15547,37.304413,37.304413,581.0838,177.19456,551.84595,215.25195,-2.748291,-2.748291,-2.748291,13.192657,-7.1253967,-7.1253967,6.252594,-10.532959,0,-0.939692621,2493,0.033372223,333,7,0.15464418,0.098525986,0.342020143,0.930562897,9,67.60960111,5.288613851,Lagopus muta,1.577202966,2024,"{""geodesic"":false,""type"":""Point"",""coordinates"":[11.045833333333329,46.82916666666666]}"
136_0_0,0.590162788,306,0.1477356,9.260712,-9.674347,1215.3375,169.41722,35.82862,35.82862,439.77814,155.05061,473.29016,180.64914,0.1477356,0.1477356,0.1477356,16.332977,-4.3133545,-4.3133545,9.389923,-9.360565,0,-0.809016994,2094,0.047908857,321,7,0.15161839,0.18510693,0.587785252,0.797768657,1,48.22337253,0.240686531,Lagopus muta,0.066735443,2024,"{""geodesic"":false,""type"":""Point"",""coordinates"":[13.770833333333332,46.879166666666656]}"
137_0_0,0.646733124,299,-0.2093811,8.900452,-10.068695,1220.7415,168.30069,36.139484,36.139484,442.79947,154.4141,489.67566,176.56847,-0.2093811,-0.2093811,-0.2093811,16.02478,-4.722595,-4.722595,9.662018,-9.972839,0,-0.874619707,2000,0.050386738,321,7,0.21035595,0.21787708,0.48480962,0.572652184,11,48.22337253,0.240686531,Lagopus muta,0.066735443,2024,"{""geodesic"":false,""type"":""Point"",""coordinates"":[13.8125,46.86249999999999]}"
138_0_0,0.517787184,141,-1.2505188,7.8321533,-10.889465,1553.6416,236.78984,42.138763,42.138763,586.41724,213.58914,544.83606,263.1366,-1.2505188,-1.2505188,-1.2505188,14.57605,-5.909424,-5.909424,6.9670105,-7.727783,0,0.629320391,2246,0.056332424,333,7,0.25273865,0.2995904,-0.777145961,0.056735139,17,58.6766781,0.551247544,Lagopus muta,0.166821677,2024,"{""geodesic"":false,""type"":""Point"",""coordinates"":[10.879166666666663,47.154166666666654]}"
139_0_0,0.240316167,90,-4.508362,4.591034,-13.949371,1608.0156,224.98643,49.40783,49.40783,602.97174,217.99677,628.33527,254.2806,-4.508362,-4.508362,-4.508362,11.273773,-8.503876,-8.503876,6.0840454,-12.773834,0,1,2666,0.012579552,333,7,0.025550993,0.030640628,6.12E-17,0.329007871,9,63.88338494,0.720280026,Lagopus muta,0.208179417,2024,"{""geodesic"":false,""type"":""Point"",""coordinates"":[12.720833333333331,47.029166666666654]}"
140_0_0,0.495986863,43,-0.95944214,7.9472656,-10.315033,1694.2528,254.18707,47.17729,47.17729,647.26825,231.10002,610.63995,272.2262,-0.95944214,-0.95944214,-0.95944214,14.742065,-5.368988,-5.368988,7.3065796,-7.998871,0,0.68199836,2252,0.046128176,321,7,0.06802887,0.11170915,0.731353702,0.348870692,4,57.48502983,0.517522962,Lagopus muta,0.153422652,2024,"{""geodesic"":false,""type"":""Point"",""coordinates"":[11.754166666666663,47.22916666666666]}"
141_0_0,0.473997456,256,-4.1523438,4.9413147,-13.579681,1602.5306,225.16946,49.056694,49.056694,600.7569,217.62326,621.22614,254.92601,-4.1523438,-4.1523438,-4.1523438,11.594208,-8.1267395,-8.1267395,6.2344666,-12.309296,0,-0.970295726,2699,0.037311252,333,7,0.106190935,0.10959758,-0.241921896,0.957583597,7,63.88338494,0.720280026,Lagopus muta,0.208179417,2024,"{""geodesic"":false,""type"":""Point"",""coordinates"":[12.712499999999999,47.029166666666654]}"
142_0_0,0.188810702,69,-2.2062683,6.9747925,-12.246826,1856.6119,279.7018,53.164406,53.164406,659.611,269.23505,615.6615,353.64014,-2.2062683,-2.2062683,-2.2062683,13.698395,-7.1280518,-7.1280518,5.6143494,-8.175598,0,0.933580426,2376,0.06918477,332,7,0.0888658,0.025722697,0.35836795,0.701747888,14,51.49142257,0.439162004,Lagopus muta,0.132781828,2024,"{""geodesic"":false,""type"":""Point"",""coordinates"":[9.72916666666666,47.05416666666666]}"
143_0_0,0.299705194,4,0.80758667,9.763702,-8.845703,1845.059,288.4158,48.458813,48.458813,716.191,241.1437,667.6333,293.96188,0.80758667,0.80758667,0.80758667,16.273926,-3.809784,-3.809784,8.984314,-6.223633,1,0.069756474,2030,0.059749447,333,7,0.104671806,0.2004945,0.99756405,0.687511951,24,52.60378025,0.407589322,Lagopus muta,0.119869125,2024,"{""geodesic"":false,""type"":""Point"",""coordinates"":[11.39583333333333,47.42083333333332]}"
144_0_0,0.548648523,130,-4.246155,4.857483,-13.685913,1600.1022,224.72585,49.002285,49.002285,600.2979,216.75124,622.08936,253.93292,-4.246155,-4.246155,-4.246155,11.515717,-8.220184,-8.220184,6.20578,-12.435608,0,0.766044443,2522,0.01729079,332,7,0.0878788,0.08279766,-0.64278761,0.44613413,2,63.88338494,0.720280026,Lagopus muta,0.208179417,2024,"{""geodesic"":false,""type"":""Point"",""coordinates"":[12.720833333333331,47.02083333333332]}"
145_0_0,0.543578988,81,-1.0692444,7.970642,-10.505463,1597.2891,250.962,44.188,44.188,626.68945,212.71931,583.95984,252.6143,-1.0692444,-1.0692444,-1.0692444,14.654144,-5.358368,-5.358368,7.325653,-8.143433,0,0.987688341,2220,0.025707759,333,7,0.12644416,0.1748942,0.156434465,0.031484218,9,66.13449722,0.781817157,Lagopus muta,0.225949261,2024,"{""geodesic"":false,""type"":""Point"",""coordinates"":[11.129166666666663,47.01249999999999]}"
146_0_0,0.556926813,147,-1.2530823,7.7672424,-10.809723,1804.9994,275.05087,47.796883,47.796883,673.48956,251.12135,619.5387,331.86356,-1.2530823,-1.2530823,-1.2530823,14.46759,-5.8743896,-5.8743896,6.7332153,-7.084717,0,0.544639035,2270,0.02935756,321,7,0.15980549,0.19321296,-0.838670568,0.282177297,19,62.08279217,0.778590838,Lagopus muta,0.246178717,2024,"{""geodesic"":false,""type"":""Point"",""coordinates"":[10.404166666666661,47.17083333333333]}"
148_0_0,0.239401411,190,-0.8319702,8.181763,-10.453735,1792.1724,277.1471,47.576706,47.576706,693.95197,234.97923,648.3424,281.6787,-0.8319702,-0.8319702,-0.8319702,14.804413,-5.4243164,-5.4243164,7.4861755,-7.9864807,0,-0.173648178,2120,0.15032177,332,7,0.049343433,0.07020128,-0.984807753,0.200715797,9,50.21822877,0.329352884,Lagopus muta,0.095268584,2024,"{""geodesic"":false,""type"":""Point"",""coordinates"":[11.42083333333333,47.320833333333326]}"
149_0_0,0.125598758,344,-2.9414673,6.1428833,-12.42511,1436.1698,195.71654,45.07798,45.07798,518.1536,193.91785,553.83844,225.17996,-2.9414673,-2.9414673,-2.9414673,13.059479,-7.0613403,-7.0613403,7.561249,-11.953705,0,-0.275637356,2488,0.015451055,332,7,-0.03024135,-0.009470985,0.961261696,0.160970104,14,57.66014467,0.547064813,Lagopus muta,0.155157678,2024,"{""geodesic"":false,""type"":""Point"",""coordinates"":[13.279166666666665,46.99583333333332]}"
150_0_0,0.719183803,238,3.1340027,11.815338,-6.0785522,1879.1907,284.8387,52.252193,52.252193,677.84357,272.35352,610.5792,363.82718,3.1340027,3.1340027,3.1340027,18.2258,-1.1505432,-1.1505432,9.488586,-2.015503,3,-0.848048096,1598,0.10476639,312,7,0.28375193,0.4249885,-0.529919264,0.148238064,7,53.81418427,0.492399077,Lagopus muta,0.153272297,2024,"{""geodesic"":false,""type"":""Point"",""coordinates"":[9.929166666666662,47.20416666666666]}"
151_0_0,0.546549705,145,-3.7563477,5.318634,-13.162262,1612.8544,227.65337,49.126213,49.126213,605.03,219.5582,620.8924,257.71228,-3.7563477,-3.7563477,-3.7563477,11.955841,-7.73172,-7.73172,6.451355,-11.839874,0,0.573576436,2534,0.017448278,333,7,0.12675601,0.070174634,-0.819152044,0.065441105,14,63.88338494,0.720280026,Lagopus muta,0.208179417,2024,"{""geodesic"":false,""type"":""Point"",""coordinates"":[12.720833333333331,47.04583333333333]}"
153_0_0,0.508227893,281,-1.3528748,7.684601,-10.74408,1536.824,219.52336,46.267197,46.267197,567.95557,209.94781,566.6286,246.8784,-1.3528748,-1.3528748,-1.3528748,14.323975,-5.3340454,-5.3340454,8.10022,-9.427063,0,-0.981627183,2226,0.029148467,333,7,0.18490566,0.14513877,0.190808995,0.792946748,5,62.38401161,0.657130097,Lagopus muta,0.19575823,2024,"{""geodesic"":false,""type"":""Point"",""coordinates"":[13.029166666666665,47.07916666666666]}"
164_0_0,0.46078836,347,-0.32974243,8.518341,-9.646027,1655.7346,246.10696,47.095856,47.095856,640.4511,214.99072,624.4893,250.01776,-0.32974243,-0.32974243,-0.32974243,15.350372,-4.673523,-4.673523,9.2547,-8.784424,0,-0.224951054,1873,0.01499592,333,8,0.05320294,0.17902534,0.974370065,0.805368108,19,49.66735255,0.295853294,Lagopus muta,0.083296927,2024,"{""geodesic"":false,""type"":""Point"",""coordinates"":[14.6375,47.379166666666656]}"
165_0_0,0.458897317,329,-1.471344,7.617035,-11.213776,1739.1599,270.10303,45.24187,45.24187,674.8553,226.7,627.6395,273.7414,-1.471344,-1.471344,-1.471344,14.276611,-6.2371826,-6.2371826,7.1059875,-8.647522,0,-0.515038075,2207,0.048615836,321,8,0.18936096,0.2528748,0.857167301,0.181525082,24,52.35090033,0.380479916,Lagopus muta,0.111760111,2024,"{""geodesic"":false,""type"":""Point"",""coordinates"":[11.054166666666664,47.254166666666656]}"
166_0_0,0.630205161,266,1.7631836,10.639557,-7.485138,1558.3396,225.11284,47.758842,47.758842,563.8053,229.03738,533.5859,271.59897,1.7631836,1.7631836,1.7631836,17.306732,-2.2986755,-2.2986755,9.651764,-5.087738,2,-0.99756405,1749,0.15130585,324,8,0.32255167,0.33333334,-0.069756474,0.153034926,9,55.80688042,0.477958933,Lagopus muta,0.142701015,2024,"{""geodesic"":false,""type"":""Point"",""coordinates"":[13.154166666666665,47.24583333333332]}"
167_0_0,0.32157211,100,-0.17062378,8.878479,-9.950928,1765.6989,276.19003,45.775394,45.775394,685.0819,229.84636,636.9057,280.55444,-0.17062378,-0.17062378,-0.17062378,15.422058,-4.92572,-4.92572,8.248291,-7.298401,0,0.984807753,2162,0.078056686,322,8,0.116604865,0.225298,-0.173648178,0.426814503,25,52.35090033,0.380479916,Lagopus muta,0.111760111,2024,"{""geodesic"":false,""type"":""Point"",""coordinates"":[11.087499999999997,47.345833333333324]}"
168_0_0,0.582418796,270,-0.1867981,8.735352,-9.629211,1848.5284,281.5736,48.978413,48.978413,689.30426,258.1074,632.3635,341.33896,-0.1867981,-0.1867981,-0.1867981,15.363007,-4.7153625,-4.7153625,7.615906,-5.9141846,0,-1,2095,0.020510646,321,8,0.08815773,0.060774982,-1.84E-16,0.566984726,14,62.08279217,0.778590838,Lagopus muta,0.246178717,2024,"{""geodesic"":false,""type"":""Point"",""coordinates"":[10.354166666666663,47.18749999999999]}"
169_0_0,0.277413831,97,0.22149658,9.11377,-9.207336,2003.9542,307.55215,52.701347,52.701347,740.61346,278.14072,673.1276,372.21585,0.22149658,0.22149658,0.22149658,15.583557,-4.252136,-4.252136,7.5773926,-5.4828796,0,0.992546152,2114,0.013832858,332,8,0.11402623,0.12485136,-0.121869343,0.516257309,17,54.45533084,0.510186498,Lagopus muta,0.155762369,2024,"{""geodesic"":false,""type"":""Point"",""coordinates"":[10.137499999999996,47.28749999999999]}"
170_0_0,0.747969088,24,0.91192627,9.8437805,-8.514221,1539.2778,231.75403,42.88772,42.88772,558.57025,225.75638,512.0049,297.99612,0.91192627,0.91192627,0.91192627,16.547546,-3.5898438,-3.5898438,8.511414,-4.4665833,0,0.406736643,2037,0.12593186,322,8,0.19663708,0.3680634,0.913545458,0.326973192,16,62.8584266,0.774972591,Lagopus muta,0.242741106,2024,"{""geodesic"":false,""type"":""Point"",""coordinates"":[10.479166666666663,47.05416666666666]}"
171_0_0,0.588711411,53,2.3063354,11.213928,-7.1384277,1920.294,288.47195,53.26121,53.26121,716.41785,263.65616,668.9705,329.53586,2.3063354,2.3063354,2.3063354,17.861176,-2.098297,-2.098297,10.292114,-5.728546,2,0.79863551,1567,0.03482934,333,8,0.14256409,0.27351356,0.601815023,0.480931083,24,31.60666329,0.105234406,Lagopus muta,0.025407854,2024,"{""geodesic"":false,""type"":""Point"",""coordinates"":[14.329166666666666,47.779166666666654]}"
172_0_0,0.527690692,175,-0.71240234,8.586761,-10.643738,1423.151,215.2111,36.86997,36.86997,532.847,171.34267,510.1769,208.80441,-0.71240234,-0.71240234,-0.71240234,15.341492,-5.0181885,-5.0181885,7.516144,-8.814392,0,0.087155743,2248,0.011141408,333,8,0.25107053,0.26054984,-0.996194698,0.801449378,19,56.64182589,0.433320943,Lagopus muta,0.122033257,2024,"{""geodesic"":false,""type"":""Point"",""coordinates"":[12.504166666666665,46.79583333333333]}"
173_0_0,0.548481801,7,0.636261,9.501923,-8.755157,1914.2717,291.69687,51.231693,51.231693,704.0945,269.7754,640.00684,360.39993,0.636261,0.636261,0.636261,16.046265,-3.8110962,-3.8110962,8.017822,-4.9123535,0,0.121869343,1958,0.024545293,333,8,0.10228376,0.16308407,0.992546152,0.588451142,12,60.65120621,0.751359584,Lagopus muta,0.237500148,2024,"{""geodesic"":false,""type"":""Point"",""coordinates"":[10.170833333333329,47.20416666666666]}"
174_0_0,0.491509652,66,-2.515686,6.452057,-11.772614,1593.62,227.04742,48.047497,48.047497,591.97876,222.36475,589.2455,263.41107,-2.515686,-2.515686,-2.515686,12.99176,-6.446228,-6.446228,6.7244263,-10.095612,0,0.913545458,2663,0.019920692,332,8,0.035075914,0.009673529,0.406736643,0.80974526,17,66.08165329,0.796703389,Lagopus muta,0.232593241,2024,"{""geodesic"":false,""type"":""Point"",""coordinates"":[12.470833333333331,47.10416666666666]}"
175_0_0,0.485193881,89,-1.6094971,7.4399414,-11.076019,1660.3114,262.2144,45.439274,45.439274,656.38367,217.66493,614.7459,256.93958,-1.6094971,-1.6094971,-1.6094971,14.144287,-5.9409485,-5.9409485,7.026245,-8.895905,0,0.999847695,2335,0.03835442,333,8,0.11946745,0.14538752,0.017452406,0.571439299,10,67.50681768,0.792753499,Lagopus muta,0.235739888,2024,"{""geodesic"":false,""type"":""Point"",""coordinates"":[11.19583333333333,47.05416666666666]}"
176_0_0,0.272522715,231,-2.8102417,6.397278,-12.509247,1412.7322,205.81548,40.767033,40.767033,527.1737,182.70886,527.0607,217.82536,-2.8102417,-2.8102417,-2.8102417,13.243042,-7.0207214,-7.0207214,6.535858,-10.693848,0,-0.777145961,2614,0.008415772,333,8,0.09027208,0.045987383,-0.629320391,0.983224343,11,61.5295438,0.585139506,Lagopus muta,0.163821867,2024,"{""geodesic"":false,""type"":""Point"",""coordinates"":[12.337499999999997,46.879166666666656]}"
177_0_0,0.424585622,254,-3.2289734,5.816223,-12.567688,1564.5096,220.7976,47.8928,47.8928,580.21454,217.06485,586.13043,256.45618,-3.2289734,-3.2289734,-3.2289734,12.362274,-7.1232605,-7.1232605,6.389923,-10.920593,0,-0.961261696,2630,0.044104777,333,8,0.043073814,0.001235033,-0.275637356,0.789892409,18,63.02411738,0.673203524,Lagopus muta,0.195814427,2024,"{""geodesic"":false,""type"":""Point"",""coordinates"":[12.579166666666664,47.04583333333333]}"
178_0_0,0.490455482,52,-1.2935181,7.7658386,-10.738434,1594.4211,251.50519,44.01131,44.01131,627.375,211.17647,585.0698,250.66278,-1.2935181,-1.2935181,-1.2935181,14.455414,-5.566162,-5.566162,7.159912,-8.442352,0,0.788010754,2471,0.058009792,142,8,0.15242411,0.15541922,0.615661475,0.386302056,13,66.13449722,0.781817157,Lagopus muta,0.225949261,2024,"{""geodesic"":false,""type"":""Point"",""coordinates"":[11.137499999999996,46.99583333333332]}"
183_0_0,0.399705464,154,-0.68582153,8.315826,-10.293549,1794.4292,278.2319,47.582157,47.582157,696.85693,234.8378,650.7062,280.96024,-0.68582153,-0.68582153,-0.68582153,14.9296875,-5.2737427,-5.2737427,7.6440735,-7.8509216,0,0.438371147,2065,0.18014964,333,9,0.08817636,0.090452276,-0.898794046,0.31236792,14,50.21822877,0.329352884,Lagopus muta,0.095268584,2024,"{""geodesic"":false,""type"":""Point"",""coordinates"":[11.387499999999996,47.31249999999999]}"
184_0_0,0.399705464,154,-0.68582153,8.315826,-10.293549,1794.4292,278.2319,47.582157,47.582157,696.85693,234.8378,650.7062,280.96024,-0.68582153,-0.68582153,-0.68582153,14.9296875,-5.2737427,-5.2737427,7.6440735,-7.8509216,0,0.438371147,2065,0.18014964,333,9,0.08817636,0.090452276,-0.898794046,0.979129142,14,50.21822877,0.329352884,Lagopus muta,0.095268584,2024,"{""geodesic"":false,""type"":""Point"",""coordinates"":[11.387499999999996,47.31249999999999]}"
185_0_0,0.399705464,154,-0.68582153,8.315826,-10.293549,1794.4292,278.2319,47.582157,47.582157,696.85693,234.8378,650.7062,280.96024,-0.68582153,-0.68582153,-0.68582153,14.9296875,-5.2737427,-5.2737427,7.6440735,-7.8509216,0,0.438371147,2065,0.18014964,333,9,0.08817636,0.090452276,-0.898794046,0.141698244,14,50.21822877,0.329352884,Lagopus muta,0.095268584,2024,"{""geodesic"":false,""type"":""Point"",""coordinates"":[11.387499999999996,47.31249999999999]}"
186_0_0,0.399705464,154,-0.68582153,8.315826,-10.293549,1794.4292,278.2319,47.582157,47.582157,696.85693,234.8378,650.7062,280.96024,-0.68582153,-0.68582153,-0.68582153,14.9296875,-5.2737427,-5.2737427,7.6440735,-7.8509216,0,0.438371147,2065,0.18014964,333,9,0.08817636,0.090452276,-0.898794046,0.973078293,14,50.21822877,0.329352884,Lagopus muta,0.095268584,2024,"{""geodesic"":false,""type"":""Point"",""coordinates"":[11.387499999999996,47.31249999999999]}"
187_0_0,0.537710119,300,-0.10595703,8.890228,-9.663239,1759.3036,266.25916,48.71993,48.71993,630.223,254.65918,571.24695,344.69,-0.10595703,-0.10595703,-0.10595703,15.537384,-4.628357,-4.628357,7.1536865,-5.5190125,0,-0.866025404,2175,0.042023145,333,9,0.300119,0.3392982,0.5,0.315747473,20,61.67474435,0.807922113,Lagopus muta,0.255494814,2024,"{""geodesic"":false,""type"":""Point"",""coordinates"":[10.145833333333329,47.11249999999999]}"
188_0_0,0.400522132,335,-0.52697754,8.396057,-9.970581,1949.9072,298.7821,50.547745,50.547745,735.0584,267.22827,674.11,351.88458,-0.52697754,-0.52697754,-0.52697754,14.993469,-5.0769043,-5.0769043,7.429474,-6.418915,0,-0.422618262,2082,0.033290274,321,9,0.105528906,0.115691304,0.906307787,0.848186349,21,62.04574859,0.788747444,Lagopus muta,0.249662666,2024,"{""geodesic"":false,""type"":""Point"",""coordinates"":[10.345833333333328,47.23749999999999]}"
189_0_0,0.62700787,323,1.6789551,9.815826,-7.014435,1757.3544,272.15274,49.163425,49.163425,682.13336,223.80794,662.6594,272.05826,1.6789551,1.6789551,1.6789551,15.399658,-1.9179688,-1.9179688,10.779816,-6.1240845,1,-0.601815023,1614,0.11502292,322,9,0.21858759,0.28849903,0.79863551,0.079314796,21,19.18541484,0.03718736,Lagopus muta,0.007023408,2024,"{""geodesic"":false,""type"":""Point"",""coordinates"":[15.804166666666667,47.779166666666654]}"
190_0_0,0.655530723,44,-0.8624573,8.11972,-10.281342,1631.654,252.87624,45.008423,45.008423,633.74896,216.84747,592.8283,257.1012,-0.8624573,-0.8624573,-0.8624573,14.861969,-5.2242126,-5.2242126,7.478363,-7.9122314,0,0.69465837,2088,0.116311595,321,9,0.11058451,0.16304997,0.7193398,0.24678909,11,59.53175565,0.564831638,Lagopus muta,0.169362018,2024,"{""geodesic"":false,""type"":""Point"",""coordinates"":[11.412499999999996,47.10416666666666]}"
191_0_0,0.183506778,100,-2.7693481,6.1843567,-12.045929,1676.4216,237.92892,50.670555,50.670555,626.65643,233.24956,630.9234,272.20712,-2.7693481,-2.7693481,-2.7693481,12.808197,-6.804199,-6.804199,6.9140625,-10.652679,0,0.984807753,2484,0.018074397,332,9,0.012240194,-0.0190598,-0.173648178,0.07593735,21,61.70324902,0.663331581,Lagopus muta,0.199535068,2024,"{""geodesic"":false,""type"":""Point"",""coordinates"":[12.695833333333331,47.16249999999999]}"
192_0_0,0.625728663,313,1.019165,9.89032,-8.43985,1802.4458,278.047,48.394444,48.394444,695.02454,240.66861,648.1776,290.4206,1.019165,1.019165,1.019165,16.49002,-3.4890747,-3.4890747,9.005615,-5.7722473,4,-0.731353702,1816,0.06271949,322,9,0.07221376,0.13206488,0.68199836,0.936876652,11,53.39722604,0.430212686,Lagopus muta,0.127143942,2024,"{""geodesic"":false,""type"":""Point"",""coordinates"":[11.479166666666663,47.35416666666666]}"
193_0_0,0.451265532,134,-2.0519714,7.0601196,-11.680206,1639.4049,254.08229,44.88995,44.88995,637.94037,217.96274,597.60333,259.73248,-2.0519714,-2.0519714,-2.0519714,13.798035,-6.5906982,-6.5906982,6.604828,-9.1128235,0,0.7193398,2582,0.015038651,333,9,0.15243347,0.15829012,-0.69465837,0.537148796,19,68.95279881,0.844223642,Lagopus muta,0.248414034,2024,"{""geodesic"":false,""type"":""Point"",""coordinates"":[11.09583333333333,47.11249999999999]}"
194_0_0,0.752723009,321,3.846466,12.542297,-5.167206,1647.309,263.28766,44.393665,44.393665,650.56055,219.44446,589.71246,260.1854,3.846466,3.846466,3.846466,18.939392,-0.15158081,-0.15158081,11.011536,-2.9605713,10,-0.629320391,1433,0.26727712,312,9,0.19513798,0.47939962,0.777145961,0.25674858,10,65.03997594,0.740213724,Lagopus muta,0.216368778,2024,"{""geodesic"":false,""type"":""Point"",""coordinates"":[11.22083333333333,47.029166666666654]}"
198_0_0,0.563414103,58,1.1524658,9.210663,-7.463806,1818.4998,281.06378,50.878445,50.878445,706.8438,230.1504,689.1939,279.2258,1.1524658,1.1524658,1.1524658,14.737946,-2.4315796,-2.4315796,10.47934,-6.7853394,0,0.848048096,1965,0.17518787,321,10,0.15276685,0.1840438,0.529919264,0.555259749,7,19.18541484,0.03718736,Lagopus muta,0.007023408,2024,"{""geodesic"":false,""type"":""Point"",""coordinates"":[15.8125,47.77083333333332]}"
200_0_0,0.619581608,62,-0.13497925,8.777527,-9.72522,1302.1709,189.50943,36.833485,36.833485,508.30438,154.64307,548.3561,169.82198,-0.13497925,-0.13497925,-0.13497925,15.643707,-4.560791,-4.560791,10.655426,-9.76297,0,0.882947593,2065,0.12896854,333,10,0.14367953,0.25476712,0.469471563,0.708349872,10,31.76022563,0.083030857,Lagopus muta,0.01821629,2024,"{""geodesic"":false,""type"":""Point"",""coordinates"":[14.554166666666667,47.08749999999999]}"
201_0_0,0.470468449,3,1.7618103,10.783905,-7.839081,2012.144,299.744,55.65658,55.65658,740.01825,286.46277,684.282,365.73306,1.7618103,1.7618103,1.7618103,17.556335,-2.7571106,-2.7571106,9.890564,-5.2552795,0,0.052335956,1916,0.07714674,322,10,0.06697036,0.13771455,0.998629535,0.446719642,18,50.06872097,0.373929255,Lagopus muta,0.111138874,2024,"{""geodesic"":false,""type"":""Point"",""coordinates"":[13.279166666666665,47.54583333333332]}"
202_0_0,0.499598883,190,3.7183838,12.617554,-5.738678,1820.9777,276.57507,50.36759,50.36759,679.0881,252.50046,633.224,319.99567,3.7183838,3.7183838,3.7183838,19.196503,-0.5877075,-0.5877075,11.215515,-3.7165527,4,-0.173648178,1573,0.3108389,333,10,0.20422003,0.2936288,-0.984807753,0.9014414,16,31.60666329,0.105234406,Lagopus muta,0.025407854,2024,"{""geodesic"":false,""type"":""Point"",""coordinates"":[14.304166666666667,47.77083333333332]}"
203_0_0,0.733808883,302,0.85720825,9.772217,-8.478638,1525.0626,225.27432,44.090435,44.090435,578.69257,206.19086,558.78485,245.26363,0.85720825,0.85720825,0.85720825,16.55716,-3.3788757,-3.3788757,9.463409,-7.046234,1,-0.848048096,1873,0.013328232,321,10,0.2220149,0.26875594,0.529919264,0.930619171,5,52.3610026,0.396598597,Lagopus muta,0.11742824,2024,"{""geodesic"":false,""type"":""Point"",""coordinates"":[14.229166666666666,47.35416666666666]}"
204_0_0,0.815926319,151,5.359741,14.268524,-4.006958,1593.516,243.28378,44.697884,44.697884,594.3748,229.00404,547.62573,296.6153,5.359741,5.359741,5.359741,20.843842,1.2850647,1.2850647,12.216736,-0.75756836,8,0.48480962,1034,0.18002965,313,10,0.274432,0.4853192,-0.874619707,0.292095894,15,47.87432647,0.317523697,Lagopus muta,0.090866081,2024,"{""geodesic"":false,""type"":""Point"",""coordinates"":[14.170833333333333,47.570833333333326]}"
205_0_0,0.685748187,3,3.1723022,11.924255,-5.948822,1570.2819,244.41286,43.504864,43.504864,603.95197,214.7574,548.0424,256.53195,3.1723022,3.1723022,3.1723022,18.49701,-0.9567871,-0.9567871,10.309631,-3.326233,13,0.052335956,1400,0.25499386,312,10,0.055261154,0.55315673,0.998629535,0.588763917,16,60.32185739,0.582785158,Lagopus muta,0.173354117,2024,"{""geodesic"":false,""type"":""Point"",""coordinates"":[11.454166666666664,47.07916666666666]}"
206_0_0,0.586975808,7,-0.4170227,8.499176,-9.737366,1512.3524,220.64198,44.315964,44.315964,574.54333,202.22643,569.01184,235.22954,-0.4170227,-0.4170227,-0.4170227,15.3316345,-4.6807556,-4.6807556,8.807617,-8.786133,0,0.121869343,2153,0.005769931,321,10,0.16896118,0.1747945,0.992546152,0.716445362,6,52.16898584,0.383940969,Lagopus muta,0.112740979,2024,"{""geodesic"":false,""type"":""Point"",""coordinates"":[14.195833333333333,47.31249999999999]}"
208_0_0,0.720885184,202,4.031494,12.97168,-5.539856,1308.9703,204.34451,36.151176,36.151176,512.16626,166.24986,490.48322,198.81984,4.031494,4.031494,4.031494,19.657562,-0.21417236,-0.21417236,11.9021,-3.5578308,4,-0.374606593,1433,0.10016883,312,11,0.24899057,0.49636704,-0.927183855,0.648827178,12,34.09813429,0.112747436,Lagopus muta,0.027556965,2024,"{""geodesic"":false,""type"":""Point"",""coordinates"":[14.8125,47.345833333333324]}"
209_0_0,0.438440595,208,0.555542,9.552856,-9.170715,1830.9742,288.28363,47.73903,47.73903,715.201,236.64168,666.296,287.08316,0.555542,0.555542,0.555542,16.024261,-4.0925903,-4.0925903,8.864624,-6.666382,0,-0.469471563,1809,0.11104718,322,11,0.111187115,0.16867147,-0.882947593,0.438098052,20,50.85436082,0.356839745,Lagopus muta,0.103864554,2024,"{""geodesic"":false,""type"":""Point"",""coordinates"":[11.287499999999996,47.404166666666654]}"
210_0_0,0.427622581,193,-2.1766968,6.9164734,-11.793854,1750.3486,267.26178,46.09588,46.09588,658.4146,241.47192,608.44366,315.1633,-2.1766968,-2.1766968,-2.1766968,13.693024,-6.874878,-6.874878,6.1020203,-8.151642,0,-0.224951054,2316,0.04407611,332,11,0.084925674,0.073571354,-0.974370065,0.735690155,17,61.62662259,0.735063392,Lagopus muta,0.230264496,2024,"{""geodesic"":false,""type"":""Point"",""coordinates"":[10.512499999999996,47.17083333333333]}"
211_0_0,0.67588571,195,0.8998108,10.109283,-9.207581,1599.7948,247.12329,38.79608,38.79608,586.3003,186.17967,544.9102,232.2065,0.8998108,0.8998108,0.8998108,16.67334,-3.5715332,-3.5715332,7.453827,-8.296539,0,-0.258819045,1995,0.09492242,321,12,0.2075571,0.20679542,-0.965925826,0.421277537,8,44.40824031,0.219055482,Lagopus muta,0.061240563,2024,"{""geodesic"":false,""type"":""Point"",""coordinates"":[13.079166666666666,46.695833333333326]}"
212_0_0,0.573865399,58,1.4396973,10.204712,-7.8245544,1979.4905,302.09055,52.516212,52.516212,733.94293,277.20496,667.138,368.65448,1.4396973,1.4396973,1.4396973,16.674011,-2.9305725,-2.9305725,8.716766,-4.0859985,0,0.848048096,1741,0.064234674,321,12,0.24040012,0.18817319,0.529919264,0.446821259,13,55.87241198,0.56163521,Lagopus muta,0.173572336,2024,"{""geodesic"":false,""type"":""Point"",""coordinates"":[10.162499999999994,47.254166666666656]}"
213_0_0,0.729875098,151,1.37146,10.251495,-7.9312134,1489.8328,223.3541,41.595116,41.595116,544.0318,218.31161,498.55927,282.8646,1.37146,1.37146,1.37146,16.894714,-3.0031433,-3.0031433,8.786499,-4.05838,5,0.48480962,1786,0.14149518,142,12,0.2722063,0.41379312,-0.874619707,0.281342549,16,62.17005558,0.713011304,Lagopus muta,0.220774615,2024,"{""geodesic"":false,""type"":""Point"",""coordinates"":[10.59583333333333,47.06249999999999]}"
214_0_0,0.718246303,234,0.79959106,9.72467,-8.510864,1644.4637,242.3033,47.31574,47.31574,621.06445,225.7948,592.3633,272.93445,0.79959106,0.79959106,0.79959106,16.505066,-3.4555664,-3.4555664,9.332153,-6.9900208,0,-0.809016994,1702,0.03579202,321,2,0.3302256,0.31795782,-0.587785252,0.74965467,10,52.3610026,0.396598597,Lagopus muta,0.11742824,2023,"{""geodesic"":false,""type"":""Point"",""coordinates"":[14.204166666666666,47.41249999999999]}"
215_0_0,0.737125764,188,4.375885,13.047089,-4.965088,1679.5062,260.0361,45.67443,45.67443,646.92535,229.9599,603.0029,279.22,4.375885,4.375885,4.375885,19.477173,-0.09075928,-0.09075928,12.0494995,-2.0378418,10,-0.139173101,1457,0.11187927,321,2,0.2498308,0.40480646,-0.990268069,0.596716074,11,49.97679028,0.341832778,Lagopus muta,0.099505714,2023,"{""geodesic"":false,""type"":""Point"",""coordinates"":[11.087499999999997,47.37083333333332]}"
216_0_0,0.424365744,77,-1.7302856,7.380066,-11.4826355,1711.1886,265.2327,44.799896,44.799896,662.71716,224.07677,616.876,270.8069,-1.7302856,-1.7302856,-1.7302856,14.066498,-6.4905396,-6.4905396,6.886078,-8.871246,0,0.974370065,2496,0.010225347,332,2,0.18747035,0.18280235,0.224951054,0.264947394,1,60.03179806,0.591726739,Lagopus muta,0.177798958,2023,"{""geodesic"":false,""type"":""Point"",""coordinates"":[11.029166666666663,47.22916666666666]}"
217_0_0,0.541983884,298,0.21688843,9.216248,-9.439819,1733.0271,259.72375,49.66337,49.66337,611.13074,255.30432,548.3201,340.22086,0.21688843,0.21688843,0.21688843,15.816864,-4.2720337,-4.2720337,7.0401917,-5.11792,0,-0.882947593,1999,0.05206558,321,2,0.22388232,0.19959633,0.469471563,0.871244481,15,62.21051846,0.792119212,Lagopus muta,0.246883578,2023,"{""geodesic"":false,""type"":""Point"",""coordinates"":[9.962499999999995,46.97916666666666]}"
218_0_0,0.723137911,354,6.7398987,15.64267,-2.598297,1456.2194,219.96916,42.385685,42.385685,521.2883,224.61584,456.49493,295.39578,6.7398987,6.7398987,6.7398987,22.335358,2.6759949,2.6759949,12.511353,1.3782043,10,-0.104528463,1096,0.33396524,231,3,0.2891362,0.4830987,0.994521895,0.605748161,16,54.26943863,0.480219488,Lagopus muta,0.14576025,2023,"{""geodesic"":false,""type"":""Point"",""coordinates"":[13.770833333333332,47.404166666666654]}"
219_0_0,0.535272799,226,1.4829102,9.7435,-7.322418,1732.4176,266.28574,48.72798,48.72798,671.5469,221.29549,653.85626,268.06265,1.4829102,1.4829102,1.4829102,15.433289,-2.1599731,-2.1599731,10.614929,-6.329529,4,-0.7193398,1617,0.35140893,332,3,0.18891102,0.18594687,-0.69465837,0.198530837,24,27.83476378,0.073792756,Lagopus muta,0.016396231,2023,"{""geodesic"":false,""type"":""Point"",""coordinates"":[15.6875,47.687499999999986]}"
220_0_0,0.591888355,92,-0.8708191,8.010803,-10.2109375,1443.2605,209.86365,42.725456,42.725456,554.04315,188.05055,561.961,211.16437,-0.8708191,-0.8708191,-0.8708191,14.854889,-5.1460266,-5.1460266,8.846527,-9.631134,0,0.999390827,2114,0.07691665,321,3,0.23754136,0.2786155,-0.034899497,0.682899786,1,50.39941351,0.329398751,Lagopus muta,0.094783318,2023,"{""geodesic"":false,""type"":""Point"",""coordinates"":[14.337499999999999,47.27083333333332]}"
221_0_0,0.728253464,347,0.81417847,9.841187,-8.543671,1482.0494,216.51071,43.767696,43.767696,544.23,205.12561,515.64496,248.7458,0.81417847,0.81417847,0.81417847,16.38095,-3.0782776,-3.0782776,9.017029,-6.6727295,8,-0.224951054,1913,0.07988795,322,3,0.30314133,0.25950858,0.974370065,0.178848895,21,60.33192237,0.597305625,Lagopus muta,0.177413799,2023,"{""geodesic"":false,""type"":""Point"",""coordinates"":[13.104166666666664,47.070833333333326]}"
222_0_0,0.650970816,233,0.7666321,9.725555,-8.568268,1481.9265,210.87007,45.69896,45.69896,533.2685,214.84071,515.73486,254.71553,0.7666321,0.7666321,0.7666321,16.471497,-3.3039856,-3.3039856,9.107574,-6.6312256,0,-0.79863551,2030,0.042230107,321,3,0.2965724,0.27602777,-0.601815023,0.091965803,9,58.54209672,0.55501675,Lagopus muta,0.166406114,2023,"{""geodesic"":false,""type"":""Point"",""coordinates"":[13.304166666666665,47.17916666666666]}"
223_0_0,0.42867047,351,0.7649231,9.74353,-8.582764,1961.6644,286.80234,55.795406,55.795406,714.2455,284.4358,658.36255,359.9209,0.7649231,0.7649231,0.7649231,16.524384,-3.5964355,-3.5964355,8.549408,-6.4500427,1,-0.156434465,1983,0.024153288,333,3,0.095688745,0.16053766,0.987688341,0.19262086,14,52.09235462,0.464279377,Lagopus muta,0.141478356,2023,"{""geodesic"":false,""type"":""Point"",""coordinates"":[13.695833333333333,47.52083333333332]}"
227_0_0,0.784638258,224,5.365967,13.965851,-3.8700867,1713.7238,266.80676,47.04681,47.04681,663.7826,234.21475,618.08673,281.39648,5.365967,5.365967,5.365967,20.375214,1.0283508,1.0283508,12.850708,-1.0675964,12,-0.69465837,1235,0.25383356,313,3,0.23573737,0.4842033,-0.7193398,0.832178086,15,50.85436082,0.356839745,Lagopus muta,0.103864554,2023,"{""geodesic"":false,""type"":""Point"",""coordinates"":[11.279166666666663,47.38749999999999]}"
228_0_0,0.604312665,275,-0.5977478,8.293915,-9.928925,1680.587,253.05402,46.91792,46.91792,642.2431,229.79958,604.1909,270.94293,-0.5977478,-0.5977478,-0.5977478,15.078033,-4.9792175,-4.9792175,7.562744,-7.566223,0,-0.996194698,2172,0.04760144,321,3,0.24477398,0.3060211,0.087155743,0.533490406,14,57.80089213,0.526155666,Lagopus muta,0.156123241,2023,"{""geodesic"":false,""type"":""Point"",""coordinates"":[11.72083333333333,47.21249999999999]}"
229_0_0,0.634891394,168,0.8491821,9.771118,-8.485382,1923.7257,284.84897,54.14646,54.14646,721.2864,265.56616,677.2168,327.11554,0.8491821,0.8491821,0.8491821,16.493225,-3.512146,-3.512146,9.234436,-7.1984863,1,0.207911691,2017,0.11424532,333,3,0.1784305,0.23130713,-0.978147601,0.616400911,14,47.87432647,0.317523697,Lagopus muta,0.090866081,2023,"{""geodesic"":false,""type"":""Point"",""coordinates"":[14.229166666666666,47.61249999999999]}"
230_0_0,0.647945622,25,3.6184387,12.535461,-5.8650513,1577.3876,239.71237,45.647823,45.647823,590.11285,222.0928,544.0384,279.09967,3.6184387,3.6184387,3.6184387,19.202728,-0.6399536,-0.6399536,11.119995,-3.13385,0,0.422618262,1346,0.11739838,313,3,0.13294797,0.37420177,0.906307787,0.916150705,8,41.98115297,0.200497733,Lagopus muta,0.053427006,2023,"{""geodesic"":false,""type"":""Point"",""coordinates"":[14.679166666666667,47.62083333333332]}"
232_0_0,0.686882151,54,1.8349609,10.713593,-7.7453613,1327.1338,205.00935,34.216717,34.216717,531.6494,147.32372,549.6628,170.72627,1.8349609,1.8349609,1.8349609,17.343445,-2.4664001,-2.4664001,12.12085,-7.151825,0,0.809016994,1814,0.08022451,321,4,0.09368419,0.27897298,0.587785252,0.755392706,8,26.69343452,0.063482296,Lagopus muta,0.01309132,2023,"{""geodesic"":false,""type"":""Point"",""coordinates"":[14.829166666666666,47.06249999999999]}"
233_0_0,0.679789994,154,0.6802063,9.727173,-8.905212,1224.4933,174.8256,36.63078,36.63078,450.6663,159.70734,463.709,187.69824,0.6802063,0.6802063,0.6802063,16.642029,-3.583313,-3.583313,9.914154,-8.413483,0,0.438371147,2093,0.009946341,321,4,0.31272504,0.29488546,-0.898794046,0.209733958,2,50.25531832,0.280130438,Lagopus muta,0.079311738,2023,"{""geodesic"":false,""type"":""Point"",""coordinates"":[13.779166666666665,47.02083333333332]}"
234_0_0,0.650827165,71,0.6609802,9.806732,-9.2439575,1241.3588,176.48927,35.23019,35.23019,445.03336,158.63057,455.40466,190.9305,0.6609802,0.6609802,0.6609802,16.850739,-3.8490906,-3.8490906,8.763947,-8.419342,2,0.945518576,1845,0.06746292,321,5,0.31733745,0.3333995,0.325568154,0.883565197,14,37.71851855,0.155655847,Lagopus muta,0.040547726,2023,"{""geodesic"":false,""type"":""Point"",""coordinates"":[13.6375,46.82916666666666]}"
235_0_0,0.491889568,255,-3.322754,5.7221985,-12.707092,1631.5272,230.98598,49.415432,49.415432,612.19006,222.31169,625.42664,260.26422,-3.322754,-3.322754,-3.322754,12.373962,-7.3304443,-7.3304443,6.7989197,-11.467499,0,-0.965925826,2511,0.036182817,333,5,0.07106697,0.0115937,-0.258819045,0.155919753,19,67.50264102,0.85183052,Lagopus muta,0.250648728,2023,"{""geodesic"":false,""type"":""Point"",""coordinates"":[12.779166666666665,47.07916666666666]}"
236_0_0,0.504479226,331,-2.662445,6.6767273,-12.337097,1215.8611,184.8566,34.92726,34.92726,438.84625,175.1004,399.9002,228.27519,-2.662445,-2.662445,-2.662445,13.417267,-7.114746,-7.114746,4.7095337,-8.882202,0,-0.48480962,2419,0.026012374,321,5,0.22495,0.22635448,0.874619707,0.407066589,12,78.42036485,12.09040328,Lagopus muta,3.621316149,2023,"{""geodesic"":false,""type"":""Point"",""coordinates"":[10.712499999999995,46.879166666666656]}"
237_0_0,0.694689006,202,1.1143494,10.079163,-8.302795,1377.7955,196.80579,42.34312,42.34312,505.8162,196.37968,496.43845,231.04256,1.1143494,1.1143494,1.1143494,16.932648,-3.1400146,-3.1400146,9.849915,-6.658142,8,-0.374606593,1969,0.052558694,321,5,0.14261793,0.21016245,-0.927183855,0.690448069,18,50.98124915,0.35318181,Lagopus muta,0.102978096,2023,"{""geodesic"":false,""type"":""Point"",""coordinates"":[13.837499999999999,47.20416666666666]}"
240_0_0,0.327777834,39,-4.232727,5.1838684,-14.012573,1217.1877,184.64418,35.402668,35.402668,439.4283,174.83359,406.09946,227.4033,-4.232727,-4.232727,-4.232727,12.013733,-8.783051,-8.783051,3.512085,-10.614532,0,0.629320391,2697,0.05838143,332,5,0.03644745,0.020282384,0.777145961,0.201186004,14,78.42036485,12.09040328,Lagopus muta,3.621316149,2023,"{""geodesic"":false,""type"":""Point"",""coordinates"":[10.704166666666662,46.87083333333332]}"
244_0_0,0.563652385,62,-1.9013367,7.110382,-11.245514,1611.0012,230.85017,48.186424,48.186424,602.6273,220.41718,601.9584,260.35587,-1.9013367,-1.9013367,-1.9013367,13.709717,-5.87677,-5.87677,7.612335,-9.859833,0,0.882947593,2238,0.17156906,321,5,0.24460503,0.18605953,0.469471563,0.459922955,17,67.50264102,0.85183052,Lagopus muta,0.250648728,2023,"{""geodesic"":false,""type"":""Point"",""coordinates"":[12.837499999999999,47.095833333333324]}"
245_0_0,0.589392082,130,-1.2528992,8.026215,-11.134705,1405.7727,210.9031,37.57525,37.57525,526.2816,172.36589,509.91043,208.7388,-1.2528992,-1.2528992,-1.2528992,14.837952,-5.5582275,-5.5582275,7.256378,-9.291199,0,0.766044443,2341,0.072908826,321,5,0.085157685,0.110139176,-0.64278761,0.245836307,20,57.43609995,0.44015727,Lagopus muta,0.123478067,2023,"{""geodesic"":false,""type"":""Point"",""coordinates"":[12.429166666666664,46.81249999999999]}"
246_0_0,0.656672358,86,0.023010254,8.889313,-9.324982,1543.008,228.47066,44.277992,44.277992,597.4544,199.6231,590.1601,229.43982,0.023010254,0.023010254,0.023010254,15.702728,-4.276764,-4.276764,9.4552,-8.535278,0,0.99756405,1983,0.00781421,321,5,0.2889937,0.23638994,0.069756474,0.995203216,19,42.55312669,0.182807557,Lagopus muta,0.047898972,2023,"{""geodesic"":false,""type"":""Point"",""coordinates"":[14.554166666666667,47.32916666666666]}"
247_0_0,0.479734029,116,0.14422607,9.082611,-9.363281,1912.6566,291.02737,52.14104,52.14104,690.9034,272.2932,622.66614,366.4516,0.14422607,0.14422607,0.14422607,15.614471,-4.32959,-4.32959,7.1788635,-5.287445,0,0.898794046,2052,0.1194606,333,5,0.14279267,0.13560577,-0.438371147,0.064321836,16,56.34069885,0.594021026,Lagopus muta,0.186311528,2023,"{""geodesic"":false,""type"":""Point"",""coordinates"":[10.012499999999996,47.18749999999999]}"
248_0_0,0.751184571,83,5.119232,13.559326,-3.7383728,1889.9081,284.95816,52.031933,52.031933,691.577,274.43536,630.6484,367.28665,5.119232,5.119232,5.119232,19.809479,1.0702515,1.0702515,11.329895,0.10336304,1,0.992546152,1196,0.4721601,231,6,0.27514637,0.3985175,0.121869343,0.148212651,7,55.87241198,0.56163521,Lagopus muta,0.173572336,2023,"{""geodesic"":false,""type"":""Point"",""coordinates"":[10.162499999999994,47.345833333333324]}"
249_0_0,0.61138358,104,-1.4841919,7.54068,-10.932465,1643.8843,257.00854,45.214104,45.214104,644.01025,216.35152,604.0625,255.78252,-1.4841919,-1.4841919,-1.4841919,14.290253,-5.8326416,-5.8326416,7.069336,-8.6987915,0,0.970295726,2208,0.07128805,333,6,0.16898419,0.1495326,-0.241921896,0.733828678,16,59.53175565,0.564831638,Lagopus muta,0.169362018,2023,"{""geodesic"":false,""type"":""Point"",""coordinates"":[11.362499999999997,47.07916666666666]}"
251_0_0,0.474694037,127,0.30569458,9.219543,-9.237091,1921.8865,296.34802,50.43331,50.43331,743.28687,252.87149,697.32947,308.87344,0.30569458,0.30569458,0.30569458,15.841583,-4.3294983,-4.3294983,8.519104,-6.776123,0,0.79863551,2055,0.082095265,321,6,0.17554033,0.18142818,-0.601815023,0.234431428,4,45.18133726,0.222435933,Lagopus muta,0.060426082,2023,"{""geodesic"":false,""type"":""Point"",""coordinates"":[11.787499999999998,47.45416666666666]}"
252_0_0,0.728455878,68,0.3793335,9.238098,-8.831055,1647.5957,238.54721,49.577484,49.577484,609.11633,234.00844,591.1329,273.76224,0.3793335,0.3793335,0.3793335,15.863068,-3.6973877,-3.6973877,9.058411,-6.941803,0,0.927183855,2026,0.043792117,321,6,0.28507,0.25583863,0.374606593,0.156974726,6,57.3058472,0.521918273,Lagopus muta,0.156565202,2023,"{""geodesic"":false,""type"":""Point"",""coordinates"":[12.945833333333331,47.23749999999999]}"
253_0_0,0.639087761,356,0.31671143,9.212952,-9.113861,1918.9271,292.66946,51.288986,51.288986,705.37396,269.93213,641.0456,360.90833,0.31671143,0.31671143,0.31671143,15.769562,-4.1575623,-4.1575623,7.7391357,-5.2654724,0,-0.069756474,2078,0.19071454,321,6,0.26757067,0.27980697,0.99756405,0.032755774,14,60.65120621,0.751359584,Lagopus muta,0.237500148,2023,"{""geodesic"":false,""type"":""Point"",""coordinates"":[10.162499999999994,47.20416666666666]}"
254_0_0,0.548481801,7,0.636261,9.501923,-8.755157,1914.2717,291.69687,51.231693,51.231693,704.0945,269.7754,640.00684,360.39993,0.636261,0.636261,0.636261,16.046265,-3.8110962,-3.8110962,8.017822,-4.9123535,0,0.121869343,1958,0.024545293,333,6,0.10228376,0.16308407,0.992546152,0.123950522,12,60.65120621,0.751359584,Lagopus muta,0.237500148,2023,"{""geodesic"":false,""type"":""Point"",""coordinates"":[10.170833333333329,47.20416666666666]}"
255_0_0,0.705056203,115,0.8199158,9.872833,-8.678406,1283.8989,183.11552,38.72293,38.72293,467.69272,174.1283,467.7234,207.83923,0.8199158,0.8199158,0.8199158,16.721252,-3.3327332,-3.3327332,9.621857,-7.656006,1,0.906307787,2014,0.095976025,321,6,0.14087856,0.19511454,-0.422618262,0.817884137,10,52.56938136,0.353063191,Lagopus muta,0.10237123,2023,"{""geodesic"":false,""type"":""Point"",""coordinates"":[13.645833333333332,47.04583333333333]}"
258_0_0,0.457540063,56,0.77246094,9.787445,-8.821228,2118.0017,315.8034,57.121056,57.121056,791.65265,292.0824,739.2687,367.83417,0.77246094,0.77246094,0.77246094,16.513062,-3.7988586,-3.7988586,9.343811,-6.6446533,0,0.829037573,2059,0.01117359,333,6,0.06367644,0.14516672,0.559192903,0.904772805,18,48.25136766,0.353388378,Lagopus muta,0.105124908,2023,"{""geodesic"":false,""type"":""Point"",""coordinates"":[13.062499999999998,47.562499999999986]}"
259_0_0,0.679204024,90,1.9576721,10.757172,-7.26001,1624.1609,252.20143,44.798737,44.798737,628.5059,219.59479,578.8762,260.83908,1.9576721,1.9576721,1.9576721,17.370148,-2.2842102,-2.2842102,9.583618,-4.7401733,12,1,1751,0.14114341,322,6,0.15137634,0.38721895,6.12E-17,0.3157066,23,59.53175565,0.564831638,Lagopus muta,0.169362018,2023,"{""geodesic"":false,""type"":""Point"",""coordinates"":[11.404166666666663,47.12083333333332]}"
260_0_0,0.584489223,317,1.2492371,10.164459,-8.417908,1796.2896,270.58286,51.670097,51.670097,637.133,264.02164,584.1908,347.31927,1.2492371,1.2492371,1.2492371,16.740936,-3.3782043,-3.3782043,8.104584,-4.292938,0,-0.68199836,1819,0.103969246,322,6,0.18310277,0.35137668,0.731353702,0.769329411,8,55.5806499,0.579366076,Lagopus muta,0.180847528,2023,"{""geodesic"":false,""type"":""Point"",""coordinates"":[9.754166666666661,47.06249999999999]}"
261_0_0,0.502035741,77,-0.90579224,8.020355,-10.220428,1506.417,218.01764,44.634487,44.634487,572.10144,201.84015,572.631,232.60219,-0.90579224,-0.90579224,-0.90579224,14.876617,-5.1763306,-5.1763306,8.668274,-9.4184265,0,0.974370065,2124,0.023164637,321,6,0.122986056,0.11191333,0.224951054,0.062957055,10,52.16898584,0.383940969,Lagopus muta,0.112740979,2023,"{""geodesic"":false,""type"":""Point"",""coordinates"":[14.1625,47.29583333333332]}"
262_0_0,0.674301998,207,0.27230835,9.191528,-9.032715,1680.8798,246.56381,48.536545,48.536545,635.29376,230.2193,607.7364,276.31656,0.27230835,0.27230835,0.27230835,15.987061,-4.0125732,-4.0125732,9.033447,-7.709656,0,-0.4539905,1934,0.026041284,321,6,0.29260844,0.26263607,-0.891006524,0.111963757,6,52.3610026,0.396598597,Lagopus muta,0.11742824,2023,"{""geodesic"":false,""type"":""Point"",""coordinates"":[14.229166666666666,47.42083333333332]}"
263_0_0,0.599674249,4,2.2101135,11.119965,-7.130066,2021.5385,303.04688,55.876873,55.876873,741.1762,284.4182,686.8377,367.30304,2.2101135,2.2101135,2.2101135,17.579834,-1.9881592,-1.9881592,9.92981,-4.233032,2,0.069756474,1704,0.033537593,333,6,0.14857079,0.30513462,0.99756405,0.350309599,17,47.64275591,0.327892549,Lagopus muta,0.096044353,2023,"{""geodesic"":false,""type"":""Point"",""coordinates"":[13.787499999999998,47.720833333333324]}"
264_0_0,0.599674249,4,2.2101135,11.119965,-7.130066,2021.5385,303.04688,55.876873,55.876873,741.1762,284.4182,686.8377,367.30304,2.2101135,2.2101135,2.2101135,17.579834,-1.9881592,-1.9881592,9.92981,-4.233032,2,0.069756474,1704,0.033537593,333,6,0.14857079,0.30513462,0.99756405,0.492547988,17,47.64275591,0.327892549,Lagopus muta,0.096044353,2023,"{""geodesic"":false,""type"":""Point"",""coordinates"":[13.787499999999998,47.720833333333324]}"
265_0_0,0.622079517,193,0.41741943,9.4711,-9.228668,1582.5186,237.3826,45.24419,45.24419,561.7853,232.33336,505.7078,309.9959,0.41741943,0.41741943,0.41741943,16.063507,-4.042694,-4.042694,7.4210815,-5.151367,0,-0.224951054,2090,0.3177795,321,6,0.070002,0.24332497,-0.974370065,0.173586766,10,63.99902043,0.851459411,Lagopus muta,0.25282055,2023,"{""geodesic"":false,""type"":""Point"",""coordinates"":[10.095833333333328,46.92083333333333]}"
269_0_0,0.188810702,69,-2.2062683,6.9747925,-12.246826,1856.6119,279.7018,53.164406,53.164406,659.611,269.23505,615.6615,353.64014,-2.2062683,-2.2062683,-2.2062683,13.698395,-7.1280518,-7.1280518,5.6143494,-8.175598,0,0.933580426,2376,0.06918477,332,6,0.0888658,0.025722697,0.35836795,0.447927728,14,51.49142257,0.439162004,Lagopus muta,0.132781828,2023,"{""geodesic"":false,""type"":""Point"",""coordinates"":[9.72916666666666,47.05416666666666]}"
270_0_0,0.321859514,329,1.4712219,10.387756,-7.912689,1707.2148,254.34264,48.79378,48.79378,644.0371,235.92792,601.87555,287.10162,1.4712219,1.4712219,1.4712219,17.184845,-2.8659668,-2.8659668,9.792908,-6.1043396,0,-0.515038075,1940,0.043811124,333,6,0.027326427,0.19636367,0.857167301,0.217493661,8,43.57184759,0.223920705,Lagopus muta,0.061008839,2023,"{""geodesic"":false,""type"":""Point"",""coordinates"":[14.520833333333332,47.55416666666665]}"
271_0_0,0.737296836,333,1.968689,10.869598,-7.437439,1663.8153,249.20998,48.017166,48.017166,625.9727,231.32375,583.5257,283.77087,1.968689,1.968689,1.968689,17.62915,-2.3475952,-2.3475952,10.104584,-5.318817,0,-0.4539905,1700,0.053266175,332,6,0.23190789,0.4672831,0.891006524,0.946119343,2,41.98115297,0.200497733,Lagopus muta,0.053427006,2023,"{""geodesic"":false,""type"":""Point"",""coordinates"":[14.654166666666667,47.562499999999986]}"
272_0_0,0.631012705,4,0.5472717,9.639435,-9.148376,1224.0686,174.28204,36.009495,36.009495,445.85675,157.85973,458.12842,187.30754,0.5472717,0.5472717,0.5472717,16.597229,-3.7859497,-3.7859497,9.421631,-8.631805,0,0.069756474,2056,0.02701886,321,7,0.28054276,0.27331886,0.99756405,0.214398821,5,47.66654487,0.242023181,Lagopus muta,0.066835787,2023,"{""geodesic"":false,""type"":""Point"",""coordinates"":[13.704166666666666,46.945833333333326]}"
273_0_0,0.716471768,30,0.99783325,9.925842,-8.316223,1608.2157,237.45352,46.230984,46.230984,607.4544,220.5432,580.0887,266.8453,0.99783325,0.99783325,0.99783325,16.70398,-3.2410278,-3.2410278,9.447388,-6.735504,0,0.5,1742,0.043763142,321,7,0.21225385,0.3425489,0.866025404,0.673616689,9,52.3610026,0.396598597,Lagopus muta,0.11742824,2023,"{""geodesic"":false,""type"":""Point"",""coordinates"":[14.1875,47.39583333333332]}"
274_0_0,0.626238668,94,0.42126465,9.274475,-8.931091,1767.8827,266.98746,48.418983,48.418983,679.6401,238.66731,645.6527,285.03174,0.42126465,0.42126465,0.42126465,15.982666,-4.033905,-4.033905,8.980499,-6.9057007,0,0.99756405,2044,0.06004951,321,7,0.1588244,0.21071568,-0.069756474,0.082319837,16,55.5288214,0.471259706,Lagopus muta,0.138909043,2023,"{""geodesic"":false,""type"":""Point"",""coordinates"":[11.99583333333333,47.32916666666666]}"
275_0_0,0.595696523,2,2.0983582,11.054108,-7.2502747,1891.7229,278.43433,53.86158,53.86158,686.36304,277.30212,629.2739,354.9825,2.0983582,2.0983582,2.0983582,17.79779,-2.1992493,-2.1992493,9.485046,-4.62912,1,0.034899497,1444,0.01269323,322,7,0.1397975,0.23571654,0.999390827,0.212051842,27,52.09235462,0.464279377,Lagopus muta,0.141478356,2023,"{""geodesic"":false,""type"":""Point"",""coordinates"":[13.695833333333333,47.529166666666654]}"
276_0_0,0.595460281,172,-0.6270447,8.346191,-10.139069,1840.6064,280.34293,48.93803,48.93803,682.9418,257.56128,626.2106,341.88263,-0.6270447,-0.6270447,-0.6270447,15.002594,-5.1949463,-5.1949463,7.217224,-6.3776245,0,0.139173101,2138,0.0468371,321,7,0.12705354,0.17052501,-0.990268069,0.416575922,17,62.04574859,0.788747444,Lagopus muta,0.249662666,2023,"{""geodesic"":false,""type"":""Point"",""coordinates"":[10.329166666666662,47.17083333333333]}"
277_0_0,0.647387944,305,-0.32192993,8.5954895,-9.756195,1890.573,288.729,49.57139,49.57139,709.44336,261.5792,651.1063,344.86392,-0.32192993,-0.32192993,-0.32192993,15.210144,-4.858185,-4.858185,7.5574036,-6.1240845,0,-0.819152044,2027,0.00704874,321,7,0.17364392,0.1674972,0.573576436,0.30330364,27,62.08279217,0.778590838,Lagopus muta,0.246178717,2023,"{""geodesic"":false,""type"":""Point"",""coordinates"":[10.362499999999995,47.21249999999999]}"
279_0_0,0.723351769,328,1.159729,10.085846,-8.159271,1597.5549,236.24727,45.89122,45.89122,603.6273,219.05977,575.63025,265.2431,1.159729,1.159729,1.159729,16.857666,-3.0733337,-3.0733337,9.551575,-6.527832,1,-0.529919264,1695,0.037804294,322,7,0.21920002,0.3060109,0.848048096,0.190459736,5,52.3610026,0.396598597,Lagopus muta,0.11742824,2023,"{""geodesic"":false,""type"":""Point"",""coordinates"":[14.195833333333333,47.39583333333332]}"
281_0_0,0.72728517,10,7.759491,16.358215,-1.1569214,1552.1941,236.72299,45.05084,45.05084,568.8367,235.58952,497.20682,298.19214,7.759491,7.759491,7.759491,22.704346,3.9075317,3.9075317,13.350128,2.4014893,3,0.173648178,808,0.750432,231,7,0.19889666,0.46520534,0.984807753,0.570981322,2,55.35318053,0.466465955,Lagopus muta,0.138383635,2023,"{""geodesic"":false,""type"":""Point"",""coordinates"":[12.412499999999998,47.279166666666654]}"
282_0_0,0.342469253,358,-1.611084,7.499634,-11.377747,1695.2341,262.0377,44.25426,44.25426,653.1878,223.076,607.05273,271.17285,-1.611084,-1.611084,-1.611084,14.188538,-6.4041443,-6.4041443,6.941101,-8.666779,0,-0.034899497,2379,0.05617992,333,7,0.27829313,0.24967319,0.999390827,0.588895734,13,60.03179806,0.591726739,Lagopus muta,0.177798958,2023,"{""geodesic"":false,""type"":""Point"",""coordinates"":[10.987499999999995,47.23749999999999]}"
283_0_0,0.647401713,250,-0.42025757,8.625763,-10.26123,1825.1263,275.23068,52.161087,52.161087,648.24414,265.9263,598.51935,350.3439,-0.42025757,-0.42025757,-0.42025757,15.261688,-5.1751404,-5.1751404,6.841156,-6.169098,1,-0.939692621,2142,0.04372805,322,7,0.16713099,0.24680509,-0.342020143,0.622913127,15,55.5806499,0.579366076,Lagopus muta,0.180847528,2023,"{""geodesic"":false,""type"":""Point"",""coordinates"":[9.762499999999994,47.070833333333326]}"
284_0_0,0.206296441,81,-0.274292,8.733063,-9.946381,1822.6074,286.58728,47.590992,47.590992,715.4257,234.8898,666.8989,281.6394,-0.274292,-0.274292,-0.274292,15.273285,-4.915039,-4.915039,8.182098,-7.5657043,0,0.987688341,2031,0.14068696,333,7,0.10742067,0.11252488,0.156434465,0.854496822,14,51.15294269,0.348647953,Lagopus muta,0.101753109,2023,"{""geodesic"":false,""type"":""Point"",""coordinates"":[11.237499999999997,47.32916666666666]}"
285_0_0,0.433657599,38,-3.1244507,5.912201,-12.508636,1617.9298,228.6669,48.97168,48.97168,605.0877,220.10059,619.03955,256.6947,-3.1244507,-3.1244507,-3.1244507,12.582794,-7.1460876,-7.1460876,7.0104675,-11.408783,0,0.615661475,2428,0.10460322,333,7,0.18113677,0.12473968,0.788010754,0.07126158,10,67.50264102,0.85183052,Lagopus muta,0.250648728,2023,"{""geodesic"":false,""type"":""Point"",""coordinates"":[12.837499999999999,47.08749999999999]}"
286_0_0,0.464105554,117,-2.0018005,7.2430725,-11.7187805,1469.6914,234.25847,38.806602,38.806602,577.3006,186.52075,542.6982,226.03824,-2.0018005,-2.0018005,-2.0018005,13.890442,-6.3805237,-6.3805237,6.65152,-9.380798,0,0.891006524,2498,0.07388499,333,7,0.25871292,0.26033086,-0.4539905,0.569136992,24,63.20228515,0.67612013,Lagopus muta,0.192384728,2023,"{""geodesic"":false,""type"":""Point"",""coordinates"":[11.020833333333329,46.88749999999999]}"
289_0_0,0.433657599,38,-3.1244507,5.912201,-12.508636,1617.9298,228.6669,48.97168,48.97168,605.0877,220.10059,619.03955,256.6947,-3.1244507,-3.1244507,-3.1244507,12.582794,-7.1460876,-7.1460876,7.0104675,-11.408783,0,0.615661475,2428,0.10460322,333,7,0.18113677,0.12473968,0.788010754,0.549510017,10,67.50264102,0.85183052,Lagopus muta,0.250648728,2023,"{""geodesic"":false,""type"":""Point"",""coordinates"":[12.837499999999999,47.08749999999999]}"
292_0_0,0.679723759,166,1.1400452,9.996368,-8.292053,1760.0203,272.11746,47.418148,47.418148,681.5248,234.74825,634.89166,279.9972,1.1400452,1.1400452,1.1400452,16.572754,-3.3387756,-3.3387756,9.135132,-5.741852,1,0.241921896,1667,0.18769434,332,7,0.20569056,0.3905871,-0.970295726,0.811762404,26,50.21822877,0.329352884,Lagopus muta,0.095268584,2023,"{""geodesic"":false,""type"":""Point"",""coordinates"":[11.379166666666663,47.30416666666666]}"
295_0_0,0.657405671,81,-0.2133789,8.7464905,-9.425232,1541.1709,224.66573,45.688866,45.688866,570.80096,217.30017,542.70386,264.22092,-0.2133789,-0.2133789,-0.2133789,15.11734,-4.005493,-4.005493,7.899109,-7.1701965,0,0.987688341,2180,0.07573432,321,8,0.15872513,0.23468114,0.156434465,0.723984196,23,66.08165329,0.796703389,Lagopus muta,0.232593241,2023,"{""geodesic"":false,""type"":""Point"",""coordinates"":[12.512499999999998,47.07916666666666]}"
296_0_0,0.478503266,287,-0.63946533,8.312134,-10.144745,1816.4873,279.6355,46.63958,46.63958,696.5347,244.46411,643.11536,312.7108,-0.63946533,-0.63946533,-0.63946533,14.9366455,-5.2871094,-5.2871094,7.51593,-6.8142395,0,-0.956304756,1906,0.017181715,333,8,0.12367929,0.15030931,0.292371705,0.393676144,27,57.78534985,0.585239924,Lagopus muta,0.17994435,2023,"{""geodesic"":false,""type"":""Point"",""coordinates"":[10.604166666666663,47.254166666666656]}"
298_0_0,0.478503266,287,-0.63946533,8.312134,-10.144745,1816.4873,279.6355,46.63958,46.63958,696.5347,244.46411,643.11536,312.7108,-0.63946533,-0.63946533,-0.63946533,14.9366455,-5.2871094,-5.2871094,7.51593,-6.8142395,0,-0.956304756,1906,0.017181715,333,8,0.12367929,0.15030931,0.292371705,0.466817421,27,57.78534985,0.585239924,Lagopus muta,0.17994435,2023,"{""geodesic"":false,""type"":""Point"",""coordinates"":[10.604166666666663,47.254166666666656]}"
299_0_0,0.451883285,210,-2.5976257,6.501526,-12.185425,1735.2794,272.96353,46.68637,46.68637,686.18933,223.89378,645.87085,263.83997,-2.5976257,-2.5976257,-2.5976257,13.239685,-7.08374,-7.08374,6.3158875,-10.079987,0,-0.5,2365,0.04836599,321,8,0.059900794,0.088283576,-0.866025404,0.041082868,16,63.06281294,0.665345157,Lagopus muta,0.199370313,2023,"{""geodesic"":false,""type"":""Point"",""coordinates"":[11.279166666666663,47.13749999999999]}"
